lat,long,name
33.253044,35.794487,0
33.2995428,35.795517,1
33.3431488,35.7996368,2
33.160547,35.7920837,3
33.2088185,35.7920837,4
33.0708293,35.7896805,5
33.1203004,35.793457,6
32.9801562,35.7872772,7
33.0328443,35.7920837,8
32.9406914,35.7879639,89
32.8942906,35.7852173,9
32.8530571,35.7865906,10
32.8031476,35.7824707,11
32.7618717,35.7810974,12
32.7096,35.7810974,13
32.6717489,35.7783508,14
33.2975341,35.8506203,15
33.2523262,35.8506203,16
32.7090222,35.8374023,17
32.7549424,35.8353424,18
32.8034362,35.8387756,19
32.8472887,35.8428955,20
32.9406914,35.8387756,21
33.0305417,35.8470154,22
32.9804442,35.8449554,23
33.1226007,35.8456421,24
33.0699662,35.8452988,25
33.2099675,35.8483887,26
32.8940024,35.8408356,27
33.1616966,35.8463287,28
32.9412677,35.9033203,29
32.8934258,35.8943939,30
32.9810201,35.9060669,31
33.0737063,35.901947,33
33.1191502,35.9046936,34
33.163421,35.9067535,35
33.210542,35.9101868,36
33.2536182,35.9115601,37
33.2960993,35.91362,38
33.0288146,35.9005737,39
31.2914605,34.2045593,40
31.3395629,34.2073059,41
31.3806064,34.2018127,42
29.6200273,34.8513794,60
29.5734571,34.854126,61
29.5244755,34.854126,62
29.4838386,34.8554993,63
29.6164457,34.9131775,65
29.5698739,34.9104309,66
29.5280603,34.9090576,67
29.4754701,34.9118042,68
29.6164457,34.9612427,76
29.5686794,34.9612427,69
29.5256704,34.962616,70
29.4778612,34.9639893,71
29.5710683,35.0161743,72
29.5244755,35.0161743,73
29.4826431,35.0161743,74
29.6152518,35.0134277,75
31.4729450699,34.2601058726,44
31.4278430499,34.2595022063,45
31.3827407016,34.258899894,46
31.3376380253,34.2582989331,47
31.2925350214,34.2576993208,48
31.2474316901,34.2571010546,49
31.2023280318,34.2565041318,50
31.1572240466,34.2559085498,51
31.5175170565,34.31335892,128
31.4724162951,34.3127286481,129
31.4273152044,34.3120997896,130
31.3822137846,34.3114723416,131
31.3371120359,34.3108463014,132
31.2920099588,34.3102216661,133
31.2469075534,34.309598433,134
31.20180482,34.3089765993,135
31.156701759,34.3083561623,136
31.1115983707,34.3077371193,137
31.0664946552,34.3071194674,138
31.0213906129,34.306503204,139
31.6071642899,34.367320988,211
31.5620651582,34.3666625216,212
31.5169656956,34.366005531,213
31.4718659025,34.3653500132,214
31.4267657791,34.3646959654,215
31.3816653257,34.3640433845,216
31.3365645426,34.3633922677,217
31.29146343,34.3627426121,218
31.2463619884,34.3620944149,219
31.2012602179,34.3614476731,220
31.1561581188,34.3608023839,221
31.1110556914,34.3601585445,222
31.0659529361,34.3595161519,223
31.0208498531,34.3588752035,224
30.9757464427,34.3582356963,225
30.9306427053,34.3575976275,226
30.885538641,34.3569609944,227
30.8404342502,34.3563257941,228
31.6065892598,34.4200167856,296
31.5614911363,34.4193329627,297
31.5163926809,34.4186506724,298
31.4712938941,34.4179699115,299
31.426194776,34.4172906772,300
31.3810953269,34.4166129663,301
31.3359955473,34.4159367759,302
31.2908954372,34.4152621029,303
31.2457949971,34.4145889444,304
31.2006942272,34.4139172974,305
31.1555931278,34.4132471589,306
31.1104916993,34.4125785259,307
31.0653899418,34.4119113955,308
31.0202878558,34.4112457648,309
30.9751854414,34.4105816308,310
30.930082699,34.4099189906,311
30.8849796289,34.4092578413,312
30.8398762314,34.4085981799,313
30.7947725067,34.4079400037,314
30.7496684553,34.4072833097,315
31.6961856572,34.4741341841,379
31.6510892463,34.4734218196,380
31.605992502,34.4727110507,381
31.5608954247,34.4720018744,382
31.5157980146,34.4712942874,383
31.470700272,34.4705882866,384
31.4256021972,34.4698838688,385
31.3805037905,34.4691810309,386
31.3354050521,34.4684797699,387
31.2903059824,34.4677800825,388
31.2452065817,34.4670819657,389
31.2001068503,34.4663854164,390
31.1550067883,34.4656904315,391
31.1099063963,34.4649970079,392
31.0648056744,34.4643051426,393
31.0197046229,34.4636148325,394
30.9746032421,34.4629260747,395
30.9295015324,34.462238866,396
30.8843994941,34.4615532034,397
30.8392971274,34.4608690839,398
30.7941944326,34.4601865046,399
30.74909141,34.4595054624,400
30.70398806,34.4588259544,401
30.6588843828,34.4581479776,402
30.6137803788,34.457471529,403
31.740659992,34.5276172162,463
31.6955650021,34.5268777315,464
31.6504696776,34.5261399027,465
31.6053740187,34.5254037267,466
31.5602780257,34.5246692001,467
31.5151816989,34.5239363195,468
31.4700850385,34.5232050819,469
31.424988045,34.5224754838,470
31.3798907185,34.5217475221,471
31.3347930593,34.5210211935,472
31.2896950679,34.5202964948,473
31.2445967444,34.5195734228,474
31.1994980891,34.5188519743,475
31.1543991024,34.5181321461,476
31.1092997846,34.517413935,477
31.0642001359,34.5166973378,478
31.0191001567,34.5159823515,479
30.9739998472,34.5152689728,480
30.9288992078,34.5145571986,481
30.8837982387,34.5138470257,482
30.8386969403,34.5131384512,483
30.7935953128,34.5124314717,484
30.7484933566,34.5117260844,485
30.703391072,34.511022286,486
30.6582884592,34.5103200735,487
30.6131855187,34.5096194438,488
30.5680822506,34.5089203939,489
30.5229786553,34.5082229208,490
30.4778747331,34.5075270213,491
30.4327704843,34.5068326925,492
30.3876659093,34.5061399313,493
31.9654806869,34.5842354592,543
31.9203885057,34.5834618394,544
31.8752959873,34.58268995,545
31.8302031321,34.5819197874,546
31.7851099402,34.5811513482,547
31.7400164119,34.580384629,548
31.6949225476,34.5796196263,549
31.6498283476,34.5788563367,550
31.6047338121,34.5780947567,551
31.5596389415,34.5773348831,552
31.514543736,34.5765767123,553
31.4694481959,34.575820241,554
31.4243523216,34.5750654659,555
31.3792561132,34.5743123836,556
31.3341595712,34.5735609907,557
31.2890626958,34.5728112839,558
31.2439654874,34.5720632599,559
31.1988679461,34.5713169154,560
31.1537700724,34.570572247,561
31.1086718665,34.5698292516,562
31.0635733288,34.5690879257,563
31.0184744594,34.5683482662,564
30.9733752588,34.5676102698,565
30.9282757272,34.5668739332,566
30.883175865,34.5661392533,567
30.8380756724,34.5654062267,568
30.7929751497,34.5646748503,569
30.7478742973,34.5639451208,570
30.7027731155,34.5632170351,571
30.6576716045,34.56249059,572
30.6125697647,34.5617657823,573
30.5674675964,34.5610426089,574
30.5223650999,34.5603210666,575
30.4772622756,34.5596011522,576
30.4321591236,34.5588828627,577
30.3870556444,34.5581661949,578
30.3419518382,34.5574511457,579
31.9648094363,34.6371295924,628
31.9197184244,34.6363301709,629
31.8746270742,34.6355325373,630
31.829535386,34.6347366882,631
31.7844433601,34.6339426199,632
31.7393509966,34.6331503289,633
31.6942582961,34.6323598116,634
31.6491652587,34.6315710645,635
31.6040718847,34.630784084,636
31.5589781745,34.6299988667,637
31.5138841284,34.6292154091,638
31.4687897466,34.6284337076,639
31.4236950294,34.6276537588,640
31.3785999771,34.6268755592,641
31.3335045901,34.6260991053,642
31.2884088687,34.6253243937,643
31.2433128131,34.6245514211,644
31.1982164236,34.6237801838,645
31.1531197006,34.6230106787,646
31.1080226444,34.6222429021,647
31.0629252552,34.6214768509,648
31.0178275334,34.6207125215,649
30.9727294792,34.6199499106,650
30.9276310931,34.6191890149,651
30.8825323752,34.618429831,652
30.8374333259,34.6176723556,653
30.7923339455,34.6169165854,654
30.7472342344,34.616162517,655
30.7021341927,34.6154101472,656
30.6570338209,34.6146594727,657
30.6119331193,34.6139104902,658
30.5668320881,34.6131631964,659
30.5217307276,34.612417588,660
30.4766290383,34.6116736619,661
30.4315270204,34.6109314148,662
30.3864246741,34.6101908435,663
30.3413219999,34.6094519448,664
30.2962189981,34.6087147153,665
30.2511156689,34.6079791521,666
30.2060120127,34.6072452519,667
32.0542947505,34.6916779289,711
32.0092056261,34.6908490067,712
31.9641161617,34.6900219377,713
31.9190263574,34.689196718,714
31.8739362137,34.6883733439,715
31.8288457308,34.6875518118,716
31.783754909,34.686732118,717
31.7386637486,34.6859142587,718
31.69357225,34.6850982304,719
31.6484804133,34.6842840293,720
31.603388239,34.6834716519,721
31.5582957273,34.6826610944,722
31.5132028785,34.6818523534,723
31.4681096929,34.6810454252,724
31.4230161709,34.6802403061,725
31.3779223126,34.6794369927,726
31.3328281185,34.6786354813,727
31.2877335888,34.6778357684,728
31.2426387239,34.6770378505,729
31.197543524,34.676241724,730
31.1524479895,34.6754473854,731
31.1073521206,34.6746548312,732
31.0622559176,34.6738640578,733
31.017159381,34.6730750619,734
30.9720625109,34.67228784,735
30.9269653077,34.6715023885,736
30.8818677718,34.670718704,737
30.8367699033,34.6699367831,738
30.7916717027,34.6691566224,739
30.7465731702,34.6683782184,740
30.7014743061,34.6676015678,741
30.6563751108,34.6668266671,742
30.6112755846,34.666053513,743
30.5661757278,34.6652821021,744
30.5210755407,34.664512431,745
30.4759750236,34.6637444964,746
30.4308741769,34.6629782949,747
30.3857730009,34.6622138233,748
30.3406714958,34.6614510781,749
30.295569662,34.6606900562,750
30.2504674998,34.6599307542,751
30.2053650096,34.6591731687,752
30.1602621916,34.6584172967,753
30.1151590462,34.6576631347,754
30.0700555737,34.6569106796,755
32.2339250445,34.7480587068,792
32.1888385365,34.7471961921,793
32.143751686,34.7463356037,794
32.0986644934,34.745476938,795
32.0535769589,34.7446201909,796
32.0084890828,34.7437653586,797
31.9634008655,34.7429124374,798
31.9183123072,34.7420614232,799
31.8732234083,34.7412123123,800
31.828134169,34.7403651009,801
31.7830445896,34.7395197852,802
31.7379546705,34.7386763614,803
31.6928644119,34.7378348257,804
31.6477738141,34.7369951743,805
31.6026828775,34.7361574035,806
31.5575916023,34.7353215096,807
31.5124999889,34.7344874888,808
31.4674080376,34.7336553374,809
31.4223157486,34.7328250517,810
31.3772231222,34.731996628,811
31.3321301589,34.7311700626,812
31.2870368588,34.730345352,813
31.2419432224,34.7295224923,814
31.1968492498,34.72870148,815
31.1517549414,34.7278823115,816
31.1066602976,34.7270649831,817
31.0615653186,34.7262494912,818
31.0164700047,34.7254358322,819
30.9713743563,34.7246240026,820
30.9262783737,34.7238139988,821
30.8811820571,34.7230058172,822
30.836085407,34.7221994543,823
30.7909884236,34.7213949065,824
30.7458911071,34.7205921703,825
30.7007934581,34.7197912423,826
30.6556954767,34.7189921188,827
30.6105971632,34.7181947965,828
30.5654985181,34.7173992718,829
30.5203995416,34.7166055413,830
30.475300234,34.7158136015,831
30.4302005957,34.715023449,832
30.3851006269,34.7142350804,833
30.3400003281,34.7134484922,834
30.2948996994,34.712663681,835
30.2497987413,34.7118806434,836
30.2046974541,34.7110993761,837
30.1595958381,34.7103198757,838
30.1144938935,34.7095421388,839
30.0693916209,34.708766162,840
30.0242890203,34.7079919421,841
29.9791860923,34.7072194756,842
32.41351742,34.8046778071,873
32.3684335815,34.8037811739,874
32.3233493981,34.8028865417,875
32.2782648701,34.8019939064,876
32.2331799978,34.8011032639,877
32.1880947815,34.8002146102,878
32.1430092215,34.7993279414,879
32.0979233181,34.7984432533,880
32.0528370717,34.797560542,881
32.0077504824,34.7966798035,882
31.9626635506,34.7958010338,883
31.9175762766,34.794924229,884
31.8724886608,34.7940493852,885
31.8274007033,34.7931764983,886
31.7823124046,34.7923055645,887
31.7372237649,34.7914365799,888
31.6921347845,34.7905695405,889
31.6470454637,34.7897044426,890
31.6019558029,34.7888412822,891
31.5568658023,34.7879800555,892
31.5117754623,34.7871207586,893
31.4666847831,34.7862633878,894
31.4215937651,34.7854079391,895
31.3765024086,34.7845544089,896
31.3314107139,34.7837027932,897
31.2863186813,34.7828530884,898
31.2412263111,34.7820052907,899
31.1961336036,34.7811593962,900
31.1510405591,34.7803154014,901
31.105947178,34.7794733024,902
31.0608534606,34.7786330956,903
31.0157594072,34.7777947772,904
30.970665018,34.7769583435,905
30.9255702935,34.7761237909,906
30.8804752339,34.7752911157,907
30.8353798395,34.7744603143,908
30.7902841107,34.7736313829,909
30.7451880478,34.7728043181,910
30.7000916511,34.7719791161,911
30.654994921,34.7711557733,912
30.6098978576,34.7703342863,913
30.5648004614,34.7695146513,914
30.5197027328,34.7686968648,915
30.4746046719,34.7678809233,916
30.4295062791,34.7670668232,917
30.3844075548,34.766254561,918
30.3393084993,34.7654441331,919
30.2942091129,34.7646355361,920
30.249109396,34.7638287664,921
30.2040093487,34.7630238206,922
30.1589089716,34.7622206952,923
30.1138082649,34.7614193867,924
30.0687072289,34.7606198916,925
30.023605864,34.7598222066,926
29.9785041705,34.7590263281,927
29.9334021487,34.7582322528,928
29.888299799,34.7574399773,929
29.8431971217,34.7566494982,930
32.8184716924,34.8662259134,949
32.7733923184,34.8652841824,950
32.7283125956,34.8643445495,951
32.6832325242,34.8634070103,952
32.6381521046,34.8624715606,953
32.5930713369,34.861538196,954
32.5479902216,34.8606069124,955
32.5029087589,34.8596777053,956
32.4578269491,34.8587505707,957
32.4127447926,34.8578255042,958
32.3676622895,34.8569025018,959
32.3225794402,34.855981559,960
32.2774962451,34.8550626719,961
32.2324127044,34.8541458361,962
32.1873288184,34.8532310476,963
32.1422445874,34.8523183022,964
32.0971600117,34.8514075958,965
32.0520750917,34.8504989243,966
32.0069898275,34.8495922835,967
31.9619042197,34.8486876695,968
31.9168182683,34.847785078,969
31.8717319738,34.846884505,970
31.8266453365,34.8459859466,971
31.7815583566,34.8450893986,972
31.7364710345,34.8441948571,973
31.6913833704,34.843302318,974
31.6462953648,34.8424117774,975
31.6012070178,34.8415232312,976
31.5561183299,34.8406366756,977
31.5110293013,34.8397521065,978
31.4659399323,34.83886952,979
31.4208502232,34.8379889122,980
31.3757601744,34.8371102792,981
31.3306697862,34.836233617,982
31.2855790588,34.8353589218,983
31.2404879927,34.8344861898,984
31.195396588,34.8336154169,985
31.1503048452,34.8327465995,986
31.1052127646,34.8318797337,987
31.0601203464,34.8310148156,988
31.015027591,34.8301518414,989
30.9699344987,34.8292908073,990
30.9248410698,34.8284317096,991
30.8797473046,34.8275745445,992
30.8346532036,34.8267193082,993
30.7895587669,34.8258659969,994
30.7444639949,34.825014607,995
30.6993688879,34.8241651347,996
30.6542734463,34.8233175763,997
30.6091776703,34.8224719281,998
30.5640815604,34.8216281864,999
30.5189851168,34.8207863475,1000
30.4738883398,34.8199464078,1001
30.4287912298,34.8191083636,1002
30.3836937872,34.8182722114,1003
30.3385960121,34.8174379473,1004
30.293497905,34.816605568,1005
30.2483994662,34.8157750697,1006
30.203300696,34.8149464488,1007
30.1582015948,34.8141197018,1008
30.1131021628,34.8132948252,1009
30.0680024005,34.8124718153,1010
30.022902308,34.8116506686,1011
29.9778018859,34.8108313816,1012
29.9327011344,34.8100139507,1013
29.8876000538,34.8091983725,1014
29.8424986445,34.8083846435,1015
29.7973969068,34.8075727602,1016
29.752294841,34.806762719,1017
29.7071924475,34.8059545166,1018
29.6620897267,34.8051481495,1019
32.8627418758,34.9205822944,1033
32.8176642387,34.9196115015,1034
32.772586251,34.918642871,1035
32.7275079132,34.9176763984,1036
32.6824292254,34.9167120793,1037
32.6373501879,34.9157499093,1038
32.5922708012,34.9147898839,1039
32.5471910654,34.9138319988,1040
32.5021109808,34.9128762497,1041
32.4570305479,34.911922632,1042
32.4119497668,34.9109711416,1043
32.3668686378,34.910021774,1044
32.3217871614,34.9090745249,1045
32.2767053377,34.9081293901,1046
32.2316231671,34.9071863652,1047
32.1865406499,34.906245446,1048
32.1414577864,34.9053066283,1049
32.0963745769,34.9043699077,1050
32.0512910218,34.90343528,1051
32.0062071212,34.902502741,1052
31.9611228756,34.9015722866,1053
31.9160382852,34.9006439125,1054
31.8709533503,34.8997176146,1055
31.8258680714,34.8987933886,1056
31.7807824485,34.8978712305,1057
31.7356964822,34.8969511361,1058
31.6906101727,34.8960331012,1059
31.6455235202,34.8951171219,1060
31.6004365252,34.8942031939,1061
31.5553491879,34.8932913133,1062
31.5102615087,34.8923814759,1063
31.4651734878,34.8914736777,1064
31.4200851256,34.8905679147,1065
31.3749964224,34.8896641828,1066
31.3299073785,34.888762478,1067
31.2848179942,34.8878627963,1068
31.2397282699,34.8869651338,1069
31.1946382059,34.8860694864,1070
31.1495478024,34.8851758503,1071
31.1044570599,34.8842842214,1072
31.0593659786,34.8833945958,1073
31.0142745588,34.8825069697,1074
30.9691828009,34.881621339,1075
30.9240907052,34.8807377,1076
30.8789982721,34.8798560487,1077
30.8339055017,34.8789763812,1078
30.7888123946,34.8780986938,1079
30.7437189509,34.8772229825,1080
30.698625171,34.8763492436,1081
30.6535310553,34.8754774732,1082
30.6084366041,34.8746076675,1083
30.5633418177,34.8737398228,1084
30.5182466964,34.8728739352,1085
30.4731512405,34.872010001,1086
30.4280554504,34.8711480164,1087
30.3829593265,34.8702879777,1088
30.337862869,34.8694298811,1089
30.2927660783,34.868573723,1090
30.2476689547,34.8677194997,1091
30.2025714985,34.8668672073,1092
30.1574737101,34.8660168424,1093
30.1123755899,34.8651684011,1094
30.067277138,34.8643218799,1095
30.022178355,34.8634772751,1096
29.9770792411,34.8626345831,1097
29.9319797966,34.8617938002,1098
29.8868800219,34.8609549228,1099
29.8417799174,34.8601179474,1100
29.7966794833,34.8592828704,1101
29.75157872,34.8584496881,1102
29.7064776279,34.8576183971,1103
29.6613762072,34.8567889937,1104
32.9069861082,34.9749926543,1117
32.8619102501,34.9739926794,1118
32.8168340397,34.9729949315,1119
32.7717574774,34.9719994059,1120
32.7266805635,34.971006098,1121
32.6816032983,34.9700150034,1122
32.636525682,34.9690261175,1123
32.5914477149,34.9680394358,1124
32.5463693975,34.9670549537,1125
32.5012907299,34.9660726667,1126
32.4562117125,34.9650925704,1127
32.4111323456,34.9641146603,1128
32.3660526295,34.9631389319,1129
32.3209725645,34.9621653808,1130
32.2758921509,34.9611940026,1131
32.230811389,34.9602247929,1132
32.1857302792,34.9592577473,1133
32.1406488217,34.9582928614,1134
32.0955670168,34.9573301308,1135
32.0504848649,34.9563695512,1136
32.0054023663,34.9554111183,1137
31.9603195213,34.9544548277,1138
31.9152363302,34.9535006751,1139
31.8701527933,34.9525486563,1140
31.8250689109,34.951598767,1141
31.7799846833,34.9506510029,1142
31.7349001109,34.9497053597,1143
31.689815194,34.9487618332,1144
31.6447299329,34.9478204193,1145
31.5996443279,34.9468811136,1146
31.5545583793,34.945943912,1147
31.5094720874,34.9450088104,1148
31.4643854526,34.9440758046,1149
31.4192984752,34.9431448903,1150
31.3742111555,34.9422160635,1151
31.3291234938,34.9412893201,1152
31.2840354904,34.9403646559,1153
31.2389471457,34.9394420669,1154
31.19385846,34.938521549,1155
31.1487694336,34.937603098,1156
31.1036800669,34.93668671,1157
31.0585903601,34.9357723809,1158
31.0135003135,34.9348601067,1159
30.9684099276,34.9339498834,1160
30.9233192027,34.9330417069,1161
30.878228139,34.9321355733,1162
30.8331367368,34.9312314786,1163
30.7880449966,34.9303294188,1164
30.7429529187,34.92942939,1165
30.6978605033,34.9285313883,1166
30.6527677508,34.9276354098,1167
30.6076746616,34.9267414504,1168
30.5625812359,34.9258495064,1169
30.5174874742,34.9249595738,1170
30.4723933766,34.9240716488,1171
30.4272989437,34.9231857275,1172
30.3822041756,34.9223018061,1173
30.3371090727,34.9214198808,1174
30.2920136355,34.9205399477,1175
30.2469178641,34.9196620029,1176
30.201821759,34.9187860429,1177
30.1567253204,34.9179120636,1178
30.1116285487,34.9170400614,1179
30.0665314444,34.9161700325,1180
30.0214340075,34.9153019733,1181
29.9763362387,34.9144358798,1182
29.931238138,34.9135717484,1183
29.886139706,34.9127095755,1184
29.841040943,34.9118493573,1185
29.7959418492,34.9109910901,1186
29.7508424251,34.9101347703,1187
29.7057426709,34.9092803942,1188
29.6606425871,34.9084279581,1189
33.1314968722,35.0335972261,1197
33.0864242544,35.0325587342,1198
33.0413512814,35.0315225532,1199
32.9962779535,35.0304886782,1200
32.951204271,35.0294571045,1201
32.9061302341,35.0284278273,1202
32.8610558433,35.0274008418,1203
32.8159810988,35.0263761434,1204
32.7709060008,35.0253537273,1205
32.7258305498,35.0243335888,1206
32.680754746,35.0233157232,1207
32.6356785898,35.022300126,1208
32.5906020814,35.0212867923,1209
32.5455252211,35.0202757177,1210
32.5004480092,35.0192668974,1211
32.4553704462,35.0182603269,1212
32.4102925322,35.0172560016,1213
32.3652142676,35.0162539168,1214
32.3201356526,35.0152540682,1215
32.2750566877,35.014256451,1216
32.2299773731,35.0132610609,1217
32.1848977092,35.0122678932,1218
32.1398176962,35.0112769435,1219
32.0947373344,35.0102882073,1220
32.0496566242,35.0093016801,1221
32.0045755659,35.0083173576,1222
31.9594941599,35.0073352351,1223
31.9144124063,35.0063553084,1224
31.8693303056,35.005377573,1225
31.824247858,35.0044020246,1226
31.779165064,35.0034286587,1227
31.7340819237,35.002457471,1228
31.6889984375,35.0014884571,1229
31.6439146058,35.0005216127,1230
31.5988304288,34.9995569336,1231
31.5537459069,34.9985944153,1232
31.5086610404,34.9976340536,1233
31.4635758296,34.9966758442,1234
31.4184902749,34.9957197829,1235
31.3734043765,34.9947658654,1236
31.3283181349,34.9938140874,1237
31.2832315502,34.9928644448,1238
31.2381446229,34.9919169334,1239
31.1930573533,34.990971549,1240
31.1479697417,34.9900282873,1241
31.1028817883,34.9890871442,1242
31.0577934937,34.9881481156,1243
31.012704858,34.9872111974,1244
30.9676158817,34.9862763853,1245
30.9225265649,34.9853436754,1246
30.8774369082,34.9844130634,1247
30.8323469118,34.9834845454,1248
30.7872565759,34.9825581173,1249
30.7421659011,34.9816337749,1250
30.6970748876,34.9807115143,1251
30.6519835356,34.9797913315,1252
30.6068918457,34.9788732224,1253
30.561799818,34.977957183,1254
30.516707453,34.9770432093,1255
30.471614751,34.9761312974,1256
30.4265217123,34.9752214433,1257
30.3814283372,34.974313643,1258
30.3363346261,34.9734078927,1259
30.2912405793,34.9725041883,1260
30.2461461972,34.9716025261,1261
30.2010514801,34.970702902,1262
30.1559564283,34.9698053122,1263
30.1108610422,34.9689097528,1264
30.0657653221,34.9680162201,1265
30.0206692684,34.96712471,1266
29.9755728814,34.9662352189,1267
29.9304761614,34.9653477428,1268
29.8853791089,34.964462278,1269
29.840281724,34.9635788206,1270
29.7951840073,34.962697367,1271
29.750085959,34.9618179133,1272
29.7049875794,34.9609404557,1273
29.659888869,34.9600649905,1274
33.130610627,35.0871660462,1282
33.0855395231,35.0861002463,1283
33.0404680624,35.0850368179,1284
32.9953962454,35.0839757562,1285
32.9503240722,35.0829170561,1286
32.9052515432,35.0818607129,1287
32.8601786587,35.0808067216,1288
32.815105419,35.0797550774,1289
32.7700318245,35.0787057755,1290
32.7249578754,35.077658811,1291
32.679883572,35.0766141792,1292
32.6348089146,35.0755718752,1293
32.5897339037,35.0745318943,1294
32.5446585394,35.0734942318,1295
32.4995828221,35.0724588828,1296
32.4545067521,35.0714258427,1297
32.4094303297,35.0703951067,1298
32.3643535552,35.0693666702,1299
32.319276429,35.0683405285,1300
32.2741989514,35.0673166769,1301
32.2291211227,35.0662951109,1302
32.1840429431,35.0652758256,1303
32.138964413,35.0642588166,1304
32.0938855328,35.0632440793,1305
32.0488063028,35.062231609,1306
32.0037267232,35.0612214012,1307
31.9586467944,35.0602134513,1308
31.9135665167,35.0592077549,1309
31.8684858904,35.0582043073,1310
31.8234049159,35.0572031041,1311
31.7783235935,35.0562041408,1312
31.7332419235,35.0552074129,1313
31.6881599062,35.054212916,1314
31.6430775419,35.0532206455,1315
31.597994831,35.0522305971,1316
31.5529117739,35.0512427664,1317
31.5078283707,35.0502571489,1318
31.4627446219,35.0492737403,1319
31.4176605278,35.0482925361,1320
31.3725760886,35.0473135321,1321
31.3274913048,35.0463367239,1322
31.2824061767,35.0453621071,1323
31.2373207045,35.0443896775,1324
31.1922348887,35.0434194307,1325
31.1471487295,35.0424513624,1326
31.1020622273,35.0414854684,1327
31.0569753824,35.0405217445,1328
31.0118881952,35.0395601863,1329
30.966800666,35.0386007897,1330
30.921712795,35.0376435504,1331
30.8766245827,35.0366884642,1332
30.8315360294,35.0357355269,1333
30.7864471354,35.0347847345,1334
30.741357901,35.0338360826,1335
30.6962683267,35.0328895672,1336
30.6511784126,35.0319451841,1337
30.6060881593,35.0310029292,1338
30.5609975669,35.0300627984,1339
30.5159066359,35.0291247876,1340
30.4708153665,35.0281888928,1341
30.4257237592,35.0272551098,1342
30.3806318142,35.0263234346,1343
30.3355395319,35.0253938632,1344
30.2904469127,35.0244663915,1345
30.2453539568,35.0235410156,1346
30.2002606647,35.0226177314,1347
30.1551670367,35.0216965349,1348
30.110073073,35.0207774223,1349
30.0649787742,35.0198603894,1350
30.0198841404,35.0189454325,1351
29.9747891721,35.0180325474,1352
29.9296938696,35.0171217304,1353
29.8845982332,35.0162129775,1354
29.8395022633,35.0153062849,1355
29.7944059603,35.0144016485,1356
29.7493093244,35.0134990647,1357
29.7042123561,35.0125985294,1358
29.6591150557,35.0117000389,1359
33.1297013723,35.1407324944,1367
33.0846318215,35.1396393914,1368
33.0395619124,35.1385487206,1369
32.9944916454,35.137460477,1370
32.9494210207,35.1363746555,1371
32.9043500387,35.1352912511,1372
32.8592786997,35.1342102589,1373
32.8142070039,35.1331316738,1374
32.7691349517,35.1320554909,1375
32.7240625434,35.1309817052,1376
32.6789897794,35.1299103119,1377
32.6339166598,35.128841306,1378
32.5888431852,35.1277746826,1379
32.5437693557,35.1267104369,1380
32.4986951717,35.1256485639,1381
32.4536206335,35.1245890589,1382
32.4085457414,35.123531917,1383
32.3634704958,35.1224771334,1384
32.318394897,35.1214247033,1385
32.2733189452,35.120374622,1386
32.2282426408,35.1193268846,1387
32.1831659841,35.1182814864,1388
32.1380889755,35.1172384227,1389
32.0930116153,35.1161976888,1390
32.0479339038,35.1151592799,1391
32.0028558412,35.1141231915,1392
31.957777428,35.1130894187,1393
31.9126986645,35.1120579571,1394
31.867619551,35.1110288018,1395
31.8225400877,35.1100019484,1396
31.7774602752,35.1089773922,1397
31.7323801135,35.1079551286,1398
31.6872996032,35.106935153,1399
31.6422187445,35.1059174609,1400
31.5971375378,35.1049020477,1401
31.5520559833,35.1038889089,1402
31.5069740814,35.10287804,1403
31.4618918325,35.1018694365,1404
31.4168092369,35.1008630939,1405
31.3717262948,35.0998590078,1406
31.3266430067,35.0988571736,1407
31.2815593729,35.0978575869,1408
31.2364753936,35.0968602433,1409
31.1913910693,35.0958651385,1410
31.1463064003,35.0948722679,1411
31.1012213869,35.0938816273,1412
31.0561360294,35.0928932123,1413
31.0110503282,35.0919070184,1414
30.9659642835,35.0909230414,1415
30.9208778959,35.0899412769,1416
30.8757911655,35.0889617207,1417
30.8307040928,35.0879843684,1418
30.785616678,35.0870092157,1419
30.7405289215,35.0860362585,1420
30.6954408237,35.0850654924,1421
30.6503523848,35.0840969131,1422
30.6052636053,35.0831305166,1423
30.5601744854,35.0821662985,1424
30.5150850256,35.0812042547,1425
30.4699952261,35.0802443809,1426
30.4249050873,35.0792866731,1427
30.3798146095,35.078331127,1428
30.3347237932,35.0773777386,1429
30.2896326385,35.0764265036,1430
30.244541146,35.075477418,1431
30.1994493158,35.0745304777,1432
30.1543571484,35.0735856786,1433
30.1092646442,35.0726430166,1434
30.0641718034,35.0717024876,1435
30.0190786264,35.0707640877,1436
29.9739851136,35.0698278127,1437
29.9288912653,35.0688936587,1438
29.8837970819,35.0679616216,1439
29.8387025637,35.0670316975,1440
29.793607711,35.0661038823,1441
29.7485125243,35.0651781722,1442
29.7034170039,35.0642545631,1443
29.65832115,35.0633330511,1444
33.1287691115,35.19429651,1452
33.0837011531,35.193176109,1453
33.0386328349,35.1920582009,1454
32.9935641571,35.1909427804,1455
32.9484951201,35.1898298425,1456
32.9034257241,35.1887193819,1457
32.8583559696,35.1876113937,1458
32.8132858567,35.1865058727,1459
32.7682153859,35.1854028137,1460
32.7231445574,35.1843022118,1461
32.6780733716,35.1832040619,1462
32.6330018288,35.182108359,1463
32.5879299293,35.181015098,1464
32.5428576734,35.1799242739,1465
32.4977850615,35.1788358818,1466
32.4527120938,35.1777499167,1467
32.4076387708,35.1766663737,1468
32.3625650926,35.1755852478,1469
32.3174910597,35.1745065341,1470
32.2724166724,35.1734302277,1471
32.2273419309,35.1723563238,1472
32.1822668357,35.1712848174,1473
32.137191387,35.1702157037,1474
32.0921155851,35.1691489779,1475
32.0470394305,35.1680846352,1476
32.0019629234,35.1670226708,1477
31.9568860641,35.1659630798,1478
31.911808853,35.1649058576,1479
31.8667312905,35.1638509993,1480
31.8216533767,35.1627985002,1481
31.7765751122,35.1617483557,1482
31.7314964971,35.1607005609,1483
31.6864175318,35.1596551113,1484
31.6413382168,35.158612002,1485
31.5962585522,35.1575712286,1486
31.5511785384,35.1565327863,1487
31.5060981758,35.1554966705,1488
31.4610174647,35.1544628766,1489
31.4159364055,35.1534314,1490
31.3708549984,35.1524022362,1491
31.3257732438,35.1513753804,1492
31.280691142,35.1503508283,1493
31.2356086934,35.1493285753,1494
31.1905258984,35.1483086168,1495
31.1454427571,35.1472909483,1496
31.1003592701,35.1462755654,1497
31.0552754376,35.1452624636,1498
31.01019126,35.1442516384,1499
30.9651067376,35.1432430853,1500
30.9200218707,35.1422368,1501
30.8749366597,35.141232778,1502
30.829851105,35.140231015,1503
30.7847652068,35.1392315064,1504
30.7396789656,35.138234248,1505
30.6945923816,35.1372392355,1506
30.6495054552,35.1362464643,1507
30.6044181868,35.1352559303,1508
30.5593305767,35.1342676291,1509
30.5142426253,35.1332815565,1510
30.4691543328,35.132297708,1511
30.4240656997,35.1313160795,1512
30.3789767262,35.1303366667,1513
30.3338874128,35.1293594653,1514
30.2887977598,35.1283844712,1515
30.2437077675,35.1274116801,1516
30.1986174363,35.1264410877,1517
30.1535267666,35.12547269,1518
30.1084357586,35.1245064827,1519
30.0633444128,35.1235424617,1520
30.0182527294,35.1225806228,1521
29.9731607089,35.1216209619,1522
29.9280683516,35.1206634748,1523
29.8829756579,35.1197081576,1524
33.1278138483,35.2478580324,1537
33.0827475216,35.2467103385,1538
33.0376808334,35.2455651982,1539
32.992613784,35.244422606,1540
32.9475463738,35.2432825568,1541
32.902478603,35.2421450452,1542
32.857410472,35.2410100661,1543
32.8123419811,35.2398776142,1544
32.7672731306,35.2387476843,1545
32.7222039209,35.2376202712,1546
32.6771343523,35.2364953697,1547
32.632064425,35.2353729748,1548
32.5869941395,35.2342530812,1549
32.541923496,35.2331356838,1550
32.4968524949,35.2320207775,1551
32.4517811365,35.2309083573,1552
32.4067094211,35.2297984181,1553
32.3616373491,35.2286909548,1554
32.3165649207,35.2275859624,1555
32.2714921364,35.2264834359,1556
32.2264189964,35.2253833703,1557
32.1813455011,35.2242857605,1558
32.1362716507,35.2231906017,1559
32.0911974457,35.2220978889,1560
32.0461228864,35.2210076171,1561
32.001047973,35.2199197815,1562
31.955972706,35.218834377,1563
31.9108970857,35.217751399,1564
31.8658211123,35.2166708424,1565
31.8207447862,35.2155927024,1566
31.7756681078,35.2145169742,1567
31.7305910775,35.213443653,1568
31.6855136954,35.212372734,1569
31.640435962,35.2113042123,1570
31.5953578776,35.2102380833,1571
31.5502794425,35.2091743421,1572
31.5052006572,35.208112984,1573
31.4601215218,35.2070540043,1574
31.4150420368,35.2059973983,1575
31.3699622025,35.2049431613,1576
31.3248820192,35.2038912886,1577
31.2798014873,35.2028417756,1578
31.2347206071,35.2017946176,1579
31.189639379,35.2007498099,1580
31.1445578032,35.1997073481,1581
31.0994758802,35.1986672273,1582
31.0543936103,35.1976294432,1583
31.0093109939,35.1965939911,1584
30.9642280312,35.1955608664,1585
30.9191447226,35.1945300647,1586
30.8740610685,35.1935015814,1587
30.8289770692,35.1924754119,1588
30.7838927251,35.1914515518,1589
30.7388080364,35.1904299967,1590
30.6937230036,35.189410742,1591
30.648637627,35.1883937833,1592
30.603551907,35.1873791162,1593
30.5584658439,35.1863667362,1594
30.513379438,35.185356639,1595
30.4682926897,35.1843488201,1596
30.4232055994,35.1833432752,1597
30.3781181674,35.1823399999,1598
30.333030394,35.1813389898,1599
30.2879422796,35.1803402407,1600
30.2428538246,35.1793437482,1601
30.1977650293,35.178349508,1602
30.1526758941,35.1773575159,1603
30.1075864193,35.1763677675,1604
30.0624966053,35.1753802585,1605
33.1268355863,35.3014170009,1622
33.0817709305,35.3002420195,1623
33.0367059116,35.2990696522,1624
32.9916405298,35.2978998936,1625
32.9465747854,35.2967327384,1626
32.9015086789,35.2955681811,1627
32.8564422105,35.2944062163,1628
32.8113753806,35.2932468387,1629
32.7663081895,35.292090043,1630
32.7212406374,35.2909358239,1631
32.6761727248,35.289784176,1632
32.631104452,35.2886350942,1633
32.5860358193,35.2874885731,1634
32.540966827,35.2863446075,1635
32.4958974755,35.2852031921,1636
32.450827765,35.2840643219,1637
32.405757696,35.2829279915,1638
32.3606872687,35.2817941959,1639
32.3156164836,35.2806629298,1640
32.2705453408,35.2795341882,1641
32.2254738408,35.2784079658,1642
32.1804019838,35.2772842577,1643
32.1353297703,35.2761630587,1644
32.0902572006,35.2750443638,1645
32.0451842749,35.2739281678,1646
32.0001109937,35.2728144659,1647
31.9550373572,35.2717032529,1648
31.9099633658,35.2705945238,1649
31.8648890199,35.2694882738,1650
31.8198143197,35.2683844977,1651
31.7747392656,35.2672831908,1652
31.729663858,35.2661843479,1653
31.6845880972,35.2650879643,1654
31.6395119836,35.2639940349,1655
31.5944355174,35.262902555,1656
31.549358699,35.2618135197,1657
31.5042815288,35.2607269241,1658
31.459204007,35.2596427633,1659
31.4141261342,35.2585610326,1660
31.3690479105,35.2574817271,1661
31.3239693363,35.2564048422,1662
31.278890412,35.2553303729,1663
31.233811138,35.2542583145,1664
31.1887315145,35.2531886623,1665
31.1436515419,35.2521214116,1666
31.0985712206,35.2510565577,1667
31.0534905509,35.2499940959,1668
31.0084095331,35.2489340214,1669
30.9633281677,35.2478763297,1670
30.9182464549,35.246821016,1671
30.8731643951,35.2457680758,1672
30.8280819887,35.2447175045,1673
30.7829992359,35.2436692974,1674
30.7379161372,35.24262345,1675
30.692832693,35.2415799576,1676
30.6477489035,35.2405388158,1677
30.6026647691,35.2395000199,1678
30.5575802901,35.2384635656,1679
30.512495467,35.2374294481,1680
30.4674103001,35.2363976632,1681
33.1258343293,35.3549733548,1707
33.0807713837,35.3537710913,1708
33.0357080732,35.3525715026,1709
32.9906443981,35.351374583,1710
32.9455803588,35.3501803271,1711
32.9005159557,35.3489887293,1712
32.8554511889,35.3477997842,1713
32.810386059,35.3466134863,1714
32.7653205661,35.3454298302,1715
32.7202547107,35.3442488103,1716
32.6751884931,35.3430704214,1717
32.6301219135,35.3418946579,1718
32.5850549724,35.3407215145,1719
32.5399876701,35.3395509859,1720
32.4949200069,35.3383830667,1721
32.4498519831,35.3372177516,1722
32.4047835991,35.3360550353,1723
32.3597148552,35.3348949125,1724
32.3146457518,35.3337373778,1725
32.2695762891,35.3325824262,1726
32.2245064676,35.3314300522,1727
32.1794362875,35.3302802508,1728
32.1343657493,35.3291330167,1729
32.0892948532,35.3279883447,1730
32.0442235996,35.3268462297,1731
31.9991519887,35.3257066664,1732
31.9540800211,35.3245696499,1733
31.909007697,35.3234351748,1734
31.8639350167,35.3223032363,1735
31.8188619806,35.3211738291,1736
31.773788589,35.3200469483,1737
31.7287148423,35.3189225887,1738
31.6836407409,35.3178007454,1739
31.638566285,35.3166814133,1740
31.593491475,35.3155645874,1741
31.5484163113,35.3144502627,1742
31.5033407941,35.3133384344,1743
31.458264924,35.3122290974,1744
31.4131887011,35.3111222468,1745
31.3681121258,35.3100178776,1746
31.3230351986,35.3089159851,1747
31.2779579197,35.3078165643,1748
31.2328802895,35.3067196103,1749
31.1878023083,35.3056251184,1750
31.1427239766,35.3045330836,1751
31.0976452945,35.3034435011,1752
31.0525662626,35.3023563662,1753
31.0074868811,35.3012716741,1754
30.9624071504,35.3001894199,1755
30.9173270709,35.299109599,1756
30.8722466429,35.2980322066,1757
30.8271658667,35.296957238,1758
30.7820847428,35.2958846884,1759
30.7370032714,35.2948145533,1760
30.6919214529,35.2937468278,1761
30.6468392878,35.2926815074,1762
33.1248100812,35.4085270336,1792
33.079748885,35.4072974936,1793
33.0346873221,35.4060706889,1794
32.9896253929,35.4048466138,1795
32.9445630978,35.4036252628,1796
32.899500437,35.4024066301,1797
32.854437411,35.4011907102,1798
32.80937402,35.3999774974,1799
32.7643102644,35.3987669862,1800
32.7192461445,35.3975591711,1801
32.6741816607,35.3963540464,1802
32.6291168133,35.3951516067,1803
32.5840516026,35.3939518464,1804
32.538986029,35.3927547602,1805
32.4939200928,35.3915603424,1806
32.4488537944,35.3903685878,1807
32.4037871341,35.3891794908,1808
32.3587201122,35.387993046,1809
32.3136527291,35.3868092481,1810
32.2685849851,35.3856280917,1811
32.2235168806,35.3844495713,1812
32.1784484159,35.3832736818,1813
32.1333795913,35.3821004178,1814
32.0883104072,35.3809297739,1815
32.043240864,35.3797617449,1816
31.998170962,35.3785963255,1817
31.9531007014,35.3774335105,1818
31.9080300828,35.3762732946,1819
31.8629591064,35.3751156727,1820
31.8178877725,35.3739606394,1821
31.7728160816,35.3728081898,1822
31.7277440339,35.3716583185,1823
31.6826716299,35.3705110205,1824
31.6375988698,35.3693662906,1825
31.592525754,35.3682241237,1826
31.5474522829,35.3670845147,1827
31.5023784568,35.3659474586,1828
31.457304276,35.3648129503,1829
31.412229741,35.3636809847,1830
31.3671548521,35.3625515568,1831
31.3220796095,35.3614246616,1832
31.2770040138,35.3603002942,1833
31.2319280651,35.3591784494,1834
31.186851764,35.3580591225,1835
31.1417751106,35.3569423084,1836
31.0966981055,35.3558280023,1837
31.0516207489,35.3547161991,1838
31.0065430413,35.3536068941,1839
30.9614649829,35.3525000823,1840
30.9163865741,35.3513957588,1841
30.8713078152,35.3502939189,1842
30.8262287068,35.3491945577,1843
30.781149249,35.3480976704,1844
30.7360694422,35.3470032522,1845
33.1237628459,35.4620779766,1877
33.0787034382,35.4608211658,1878
33.0336436621,35.4595671508,1879
32.988583518,35.458315926,1880
32.9435230061,35.4570674854,1881
32.8984621268,35.4558218234,1882
32.8534008805,35.4545789343,1883
32.8083392675,35.4533388122,1884
32.7632772881,35.4521014515,1885
32.7182149427,35.4508668466,1886
32.6731522316,35.4496349917,1887
32.6280891551,35.4484058813,1888
32.5830257137,35.4471795096,1889
32.5379619076,35.4459558712,1890
32.4928977371,35.4447349603,1891
32.4478332028,35.4435167716,1892
32.4027683048,35.4423012993,1893
32.3577030435,35.441088538,1894
32.3126374193,35.4398784822,1895
32.2675714325,35.4386711263,1896
32.2225050835,35.437466465,1897
32.1774383726,35.4362644927,1898
32.1323713001,35.435065204,1899
32.0873038665,35.4338685935,1900
32.042236072,35.4326746558,1901
31.997167917,35.4314833855,1902
31.9520994019,35.4302947773,1903
31.907030527,35.4291088258,1904
31.8619612927,35.4279255256,1905
31.8168916992,35.4267448715,1906
31.771821747,35.4255668582,1907
31.7267514365,35.4243914804,1908
31.6816807679,35.4232187328,1909
31.6366097416,35.4220486102,1910
31.5915383581,35.4208811074,1911
31.5464666175,35.4197162192,1912
31.5013945203,35.4185539404,1913
31.4563220669,35.4173942658,1914
31.4112492576,35.4162371902,1915
31.3661760927,35.4150827086,1916
31.3211025727,35.4139308158,1917
31.2760286978,35.4127815066,1918
31.2309544684,35.4116347761,1919
31.1858798849,35.4104906192,1920
31.1408049477,35.4093490308,1921
31.0957296571,35.4082100058,1922
31.0506540134,35.4070735393,1923
31.0055780171,35.4059396262,1924
30.9605016685,35.4048082616,1925
30.9154249679,35.4036794405,1926
33.2578631421,35.5194955489,1959
33.212806675,35.5182028681,1960
33.1677498366,35.5169130615,1961
33.1226926274,35.5156261233,1962
33.0776350475,35.5143420475,1963
33.0325770974,35.5130608281,1964
32.9875187774,35.5117824592,1965
32.9424600879,35.5105069349,1966
32.8974010292,35.5092342493,1967
32.8523416016,35.5079643966,1968
32.8072818055,35.506697371,1969
32.7622216412,35.5054331665,1970
32.7171611092,35.5041717775,1971
32.6721002096,35.502913198,1972
32.627038943,35.5016574225,1973
32.5819773095,35.500404445,1974
32.5369153097,35.49915426,1975
32.4918529437,35.4979068616,1976
32.446790212,35.4966622443,1977
32.401727115,35.4954204023,1978
32.3566636529,35.49418133,1979
32.3115998262,35.4929450217,1980
32.2665356351,35.4917114719,1981
32.2214710801,35.490480675,1982
32.1764061614,35.4892526254,1983
32.1313408795,35.4880273175,1984
32.0862752347,35.4868047458,1985
32.0412092273,35.4855849048,1986
31.9961428577,35.484367789,1987
31.9510761263,35.4831533929,1988
31.9060090333,35.481941711,1989
31.8609415792,35.480732738,1990
31.8158737644,35.4795264683,1991
31.7708055891,35.4783228966,1992
31.7257370537,35.4771220175,1993
31.6806681587,35.4759238256,1994
31.6355989043,35.4747283156,1995
31.5905292908,35.4735354821,1996
31.5454593188,35.4723453198,1997
31.5003889885,35.4711578234,1998
31.4553183003,35.4699729877,1999
31.4102472545,35.4687908073,2000
31.3651758515,35.467611277,2001
31.3201040917,35.4664343917,2002
31.2750319754,35.465260146,2003
31.229959503,35.4640885348,2004
31.1848866749,35.4629195529,2005
31.1398134914,35.4617531951,2006
31.0947399529,35.4605894563,2007
31.0496660597,35.4594283315,2008
31.0045918122,35.4582698153,2009
33.3018185533,35.574446044,2043
33.2567643323,35.5731229804,2044
33.2117097378,35.5718028582,2045
33.1666547702,35.5704856711,2046
33.1215994298,35.5691714132,2047
33.0765437169,35.5678600783,2048
33.031487632,35.5665516603,2049
32.9864311753,35.5652461533,2050
32.9413743472,35.5639435511,2051
32.896317148,35.5626438478,2052
32.8512595782,35.5613470375,2053
32.806201638,35.560053114,2054
32.7611433278,35.5587620716,2055
32.716084648,35.5574739042,2056
32.6710255989,35.556188606,2057
32.6259661808,35.5549061711,2058
32.5809063942,35.5536265936,2059
32.5358462393,35.5523498676,2060
32.4907857165,35.5510759874,2061
32.4457248262,35.5498049472,2062
32.4006635688,35.5485367411,2063
32.3556019445,35.5472713634,2064
32.3105399538,35.5460088084,2065
32.265477597,35.5447490702,2066
32.2204148744,35.5434921433,2067
32.1753517864,35.5422380219,2068
32.1302883335,35.5409867003,2069
32.0852245158,35.5397381729,2070
32.0401603338,35.5384924341,2071
31.9950957879,35.5372494782,2072
31.9500308784,35.5360092997,2073
31.9049656056,35.534771893,2074
31.85989997,35.5335372525,2075
31.8148339719,35.5323053727,2076
31.7697676116,35.531076248,2077
31.7247008895,35.529849873,2078
31.679633806,35.5286262421,2079
31.6345663614,35.52740535,2080
31.5894985562,35.5261871911,2081
31.5444303906,35.5249717601,2082
31.499361865,35.5237590514,2083
31.4542929798,35.5225490598,2084
31.4092237354,35.5213417799,2085
31.3641541321,35.5201372062,2086
31.3190841703,35.5189353335,2087
31.2740138504,35.5177361565,2088
31.2289431727,35.5165396697,2089
31.1838721375,35.515345868,2090
31.1388007454,35.5141547461,2091
31.0937289965,35.5129662987,2092
33.3006947369,35.6280980361,2128
33.2556424298,35.6267474762,2129
33.2105897473,35.6253999186,2130
33.1655366897,35.6240553572,2131
33.1204832574,35.6227137856,2132
33.0754294507,35.6213751977,2133
33.0303752701,35.6200395873,2134
32.9853207158,35.6187069481,2135
32.9402657882,35.6173772741,2136
32.8952104876,35.6160505591,2137
32.8501548145,35.614726797,2138
32.8050987692,35.6134059818,2139
32.760042352,35.6120881073,2140
32.7149855633,35.6107731675,2141
32.6699284034,35.6094611564,2142
32.6248708728,35.6081520679,2143
32.5798129717,35.6068458962,2144
32.5347547005,35.6055426352,2145
32.4896960596,35.604242279,2146
32.4446370494,35.6029448216,2147
32.3995776701,35.6016502572,2148
32.3545179223,35.6003585799,2149
32.3094578061,35.5990697837,2150
32.264397322,35.597783863,2151
32.2193364704,35.5965008117,2152
32.1742752515,35.5952206242,2153
32.1292136659,35.5939432946,2154
32.0841517138,35.5926688172,2155
32.0390893955,35.5913971862,2156
31.9940267116,35.5901283959,2157
31.9489636622,35.5888624405,2158
31.9039002479,35.5875993145,2159
31.8588364689,35.5863390121,2160
31.8137723256,35.5850815276,2161
31.7687078184,35.5838268554,2162
31.7236429477,35.58257499,2163
31.6785777138,35.5813259257,2164
31.6335121171,35.5800796569,2165
33.2995477929,35.6817470252,2213
33.254497439,35.6803689753,2214
33.2094467077,35.6789939888,2215
33.1643955994,35.6776220592,2216
33.1193441144,35.6762531802,2217
33.0742922531,35.6748873454,2218
33.0292400159,35.6735245487,2219
32.9841874031,35.6721647835,2220
32.9391344151,35.6708080438,2221
32.8940810522,35.6694543232,2222
32.8490273148,35.6681036155,2223
32.8039732033,35.6667559145,2224
32.758918718,35.665411214,2225
32.7138638593,35.6640695078,2226
32.6688086275,35.6627307898,2227
32.6237530231,35.6613950538,2228
33.3434257074,35.7368016148,2297
33.2983777258,35.7353929504,2298
33.2533293643,35.7339874169,2299
33.2082806236,35.7325850077,2300
33.1632315038,35.7311857164,2301
33.1181820053,35.7297895363,2302
33.0731321286,35.7283964611,2303
33.0280818739,35.7270064843,2304
32.9830312417,35.7256195995,2305
32.9379802323,35.7242358003,2306
32.8929288461,35.7228550803,2307
32.8478770834,35.7214774332,2308
32.8028249446,35.7201028526,2309
32.7577724301,35.7187313322,2310
32.7127195403,35.7173628658,2311
32.6676662754,35.715997447,2312