X,Y,FID,
597561.88,3689473.99,0
597561.88,3684473.99,1
597561.88,3679473.99,2
597561.88,3674473.99,3
597561.88,3669473.99,4
597561.88,3664473.99,5
597561.88,3659473.99,6
597561.88,3654473.99,7
597561.88,3649473.99,8
597561.88,3644473.99,9
597561.88,3639473.99,10
597561.88,3634473.99,11
597561.88,3629473.99,12
597561.88,3624473.99,13
597561.88,3619473.99,14
597561.88,3614473.99,15
597561.88,3609473.99,16
597561.88,3604473.99,17
597561.88,3599473.99,18
597561.88,3594473.99,19
597561.88,3589473.99,20
597561.88,3584473.99,21
597561.88,3579473.99,22
597561.88,3574473.99,23
597561.88,3569473.99,24
597561.88,3564473.99,25
597561.88,3559473.99,26
597561.88,3554473.99,27
597561.88,3549473.99,28
597561.88,3544473.99,29
597561.88,3539473.99,30
597561.88,3534473.99,31
597561.88,3529473.99,32
597561.88,3524473.99,33
597561.88,3519473.99,34
597561.88,3514473.99,35
597561.88,3509473.99,36
597561.88,3504473.99,37
597561.88,3499473.99,38
597561.88,3494473.99,39
597561.88,3489473.99,40
597561.88,3484473.99,41
597561.88,3479473.99,42
597561.88,3474473.99,43
597561.88,3469473.99,44
597561.88,3464473.99,45
597561.88,3459473.99,46
597561.88,3454473.99,47
597561.88,3449473.99,48
597561.88,3444473.99,49
597561.88,3439473.99,50
597561.88,3434473.99,51
597561.88,3429473.99,52
597561.88,3424473.99,53
597561.88,3419473.99,54
597561.88,3414473.99,55
597561.88,3409473.99,56
597561.88,3404473.99,57
597561.88,3399473.99,58
597561.88,3394473.99,59
597561.88,3389473.99,60
597561.88,3384473.99,61
597561.88,3379473.99,62
597561.88,3374473.99,63
597561.88,3369473.99,64
597561.88,3364473.99,65
597561.88,3359473.99,66
597561.88,3354473.99,67
597561.88,3349473.99,68
597561.88,3344473.99,69
597561.88,3339473.99,70
597561.88,3334473.99,71
597561.88,3329473.99,72
597561.88,3324473.99,73
597561.88,3319473.99,74
597561.88,3314473.99,75
597561.88,3309473.99,76
597561.88,3304473.99,77
597561.88,3299473.99,78
597561.88,3294473.99,79
597561.88,3289473.99,80
597561.88,3284473.99,81
597561.88,3279473.99,82
d602561.88,3689473.99,84
602561.88,3684473.99,85
602561.88,3679473.99,86
602561.88,3674473.99,87
602561.88,3669473.99,88
602561.88,3664473.99,89
602561.88,3659473.99,90
602561.88,3654473.99,91
602561.88,3649473.99,92
602561.88,3644473.99,93
602561.88,3639473.99,94
602561.88,3634473.99,95
602561.88,3629473.99,96
602561.88,3624473.99,97
602561.88,3619473.99,98
602561.88,3614473.99,99
602561.88,3609473.99,100
602561.88,3604473.99,101
602561.88,3599473.99,102
602561.88,3594473.99,103
602561.88,3589473.99,104
602561.88,3584473.99,105
602561.88,3579473.99,106
602561.88,3574473.99,107
602561.88,3569473.99,108
602561.88,3564473.99,109
602561.88,3559473.99,110
602561.88,3554473.99,111
602561.88,3549473.99,112
602561.88,3544473.99,113
602561.88,3539473.99,114
602561.88,3534473.99,115
602561.88,3529473.99,116
602561.88,3524473.99,117
602561.88,3519473.99,118
602561.88,3514473.99,119
602561.88,3509473.99,120
602561.88,3504473.99,121
602561.88,3499473.99,122
602561.88,3494473.99,123
602561.88,3489473.99,124
602561.88,3484473.99,125
602561.88,3479473.99,126
602561.88,3474473.99,127
602561.88,3469473.99,128
602561.88,3464473.99,129
602561.88,3459473.99,130
602561.88,3454473.99,131
602561.88,3449473.99,132
602561.88,3444473.99,133
602561.88,3439473.99,134
602561.88,3434473.99,135
602561.88,3429473.99,136
602561.88,3424473.99,137
602561.88,3419473.99,138
602561.88,3414473.99,139
602561.88,3409473.99,140
602561.88,3404473.99,141
602561.88,3399473.99,142
602561.88,3394473.99,143
602561.88,3389473.99,144
602561.88,3384473.99,145
602561.88,3379473.99,146
602561.88,3374473.99,147
602561.88,3369473.99,148
602561.88,3364473.99,149
602561.88,3359473.99,150
602561.88,3354473.99,151
602561.88,3349473.99,152
602561.88,3344473.99,153
602561.88,3339473.99,154
602561.88,3334473.99,155
602561.88,3329473.99,156
602561.88,3324473.99,157
602561.88,3319473.99,158
602561.88,3314473.99,159
602561.88,3309473.99,160
602561.88,3304473.99,161
602561.88,3299473.99,162
602561.88,3294473.99,163
602561.88,3289473.99,164
602561.88,3284473.99,165
602561.88,3279473.99,166
602561.88,3274473.99,167
607561.88,3689473.99,168
607561.88,3684473.99,169
607561.88,3679473.99,170
607561.88,3674473.99,171
607561.88,3669473.99,172
607561.88,3664473.99,173
607561.88,3659473.99,174
607561.88,3654473.99,175
607561.88,3649473.99,176
607561.88,3644473.99,177
607561.88,3639473.99,178
607561.88,3634473.99,179
607561.88,3629473.99,180
607561.88,3624473.99,181
607561.88,3619473.99,182
607561.88,3614473.99,183
607561.88,3609473.99,184
607561.88,3604473.99,185
607561.88,3599473.99,186
607561.88,3594473.99,187
607561.88,3589473.99,188
607561.88,3584473.99,189
607561.88,3579473.99,190
607561.88,3574473.99,191
607561.88,3569473.99,192
607561.88,3564473.99,193
607561.88,3559473.99,194
607561.88,3554473.99,195
607561.88,3549473.99,196
607561.88,3544473.99,197
607561.88,3539473.99,198
607561.88,3534473.99,199
607561.88,3529473.99,200
607561.88,3524473.99,201
607561.88,3519473.99,202
607561.88,3514473.99,203
607561.88,3509473.99,204
607561.88,3504473.99,205
607561.88,3499473.99,206
607561.88,3494473.99,207
607561.88,3489473.99,208
607561.88,3484473.99,209
607561.88,3479473.99,210
607561.88,3474473.99,211
607561.88,3469473.99,212
607561.88,3464473.99,213
607561.88,3459473.99,214
607561.88,3454473.99,215
607561.88,3449473.99,216
607561.88,3444473.99,217
607561.88,3439473.99,218
607561.88,3434473.99,219
607561.88,3429473.99,220
607561.88,3424473.99,221
607561.88,3419473.99,222
607561.88,3414473.99,223
607561.88,3409473.99,224
607561.88,3404473.99,225
607561.88,3399473.99,226
607561.88,3394473.99,227
607561.88,3389473.99,228
607561.88,3384473.99,229
607561.88,3379473.99,230
607561.88,3374473.99,231
607561.88,3369473.99,232
607561.88,3364473.99,233
607561.88,3359473.99,234
607561.88,3354473.99,235
607561.88,3349473.99,236
607561.88,3344473.99,237
607561.88,3339473.99,238
607561.88,3334473.99,239
607561.88,3329473.99,240
607561.88,3324473.99,241
607561.88,3319473.99,242
607561.88,3314473.99,243
607561.88,3309473.99,244
607561.88,3304473.99,245
607561.88,3299473.99,246
607561.88,3294473.99,247
607561.88,3289473.99,248
607561.88,3284473.99,249
607561.88,3279473.99,250
607561.88,3274473.99,251
612561.88,3689473.99,252
612561.88,3684473.99,253
612561.88,3679473.99,254
612561.88,3674473.99,255
612561.88,3669473.99,256
612561.88,3664473.99,257
612561.88,3659473.99,258
612561.88,3654473.99,259
612561.88,3649473.99,260
612561.88,3644473.99,261
612561.88,3639473.99,262
612561.88,3634473.99,263
612561.88,3629473.99,264
612561.88,3624473.99,265
612561.88,3619473.99,266
612561.88,3614473.99,267
612561.88,3609473.99,268
612561.88,3604473.99,269
612561.88,3599473.99,270
612561.88,3594473.99,271
612561.88,3589473.99,272
612561.88,3584473.99,273
612561.88,3579473.99,274
612561.88,3574473.99,275
612561.88,3569473.99,276
612561.88,3564473.99,277
612561.88,3559473.99,278
612561.88,3554473.99,279
612561.88,3549473.99,280
612561.88,3544473.99,281
612561.88,3539473.99,282
612561.88,3534473.99,283
612561.88,3529473.99,284
612561.88,3524473.99,285
612561.88,3519473.99,286
612561.88,3514473.99,287
612561.88,3509473.99,288
612561.88,3504473.99,289
612561.88,3499473.99,290
612561.88,3494473.99,291
612561.88,3489473.99,292
612561.88,3484473.99,293
612561.88,3479473.99,294
612561.88,3474473.99,295
612561.88,3469473.99,296
612561.88,3464473.99,297
612561.88,3459473.99,298
612561.88,3454473.99,299
612561.88,3449473.99,300
612561.88,3444473.99,301
612561.88,3439473.99,302
612561.88,3434473.99,303
612561.88,3429473.99,304
612561.88,3424473.99,305
612561.88,3419473.99,306
612561.88,3414473.99,307
612561.88,3409473.99,308
612561.88,3404473.99,309
612561.88,3399473.99,310
612561.88,3394473.99,311
612561.88,3389473.99,312
612561.88,3384473.99,313
612561.88,3379473.99,314
612561.88,3374473.99,315
612561.88,3369473.99,316
612561.88,3364473.99,317
612561.88,3359473.99,318
612561.88,3354473.99,319
612561.88,3349473.99,320
612561.88,3344473.99,321
612561.88,3339473.99,322
612561.88,3334473.99,323
612561.88,3329473.99,324
612561.88,3324473.99,325
612561.88,3319473.99,326
612561.88,3314473.99,327
612561.88,3309473.99,328
612561.88,3304473.99,329
612561.88,3299473.99,330
612561.88,3294473.99,331
612561.88,3289473.99,332
612561.88,3284473.99,333
612561.88,3279473.99,334
612561.88,3274473.99,335
617561.88,3689473.99,336
617561.88,3684473.99,337
617561.88,3679473.99,338
617561.88,3674473.99,339
617561.88,3669473.99,340
617561.88,3664473.99,341
617561.88,3659473.99,342
617561.88,3654473.99,343
617561.88,3649473.99,344
617561.88,3644473.99,345
617561.88,3639473.99,346
617561.88,3634473.99,347
617561.88,3629473.99,348
617561.88,3624473.99,349
617561.88,3619473.99,350
617561.88,3614473.99,351
617561.88,3609473.99,352
617561.88,3604473.99,353
617561.88,3599473.99,354
617561.88,3594473.99,355
617561.88,3589473.99,356
617561.88,3584473.99,357
617561.88,3579473.99,358
617561.88,3574473.99,359
617561.88,3569473.99,360
617561.88,3564473.99,361
617561.88,3559473.99,362
617561.88,3554473.99,363
617561.88,3549473.99,364
617561.88,3544473.99,365
617561.88,3539473.99,366
617561.88,3534473.99,367
617561.88,3529473.99,368
617561.88,3524473.99,369
617561.88,3519473.99,370
617561.88,3514473.99,371
617561.88,3509473.99,372
617561.88,3504473.99,373
617561.88,3499473.99,374
617561.88,3494473.99,375
617561.88,3489473.99,376
617561.88,3484473.99,377
617561.88,3479473.99,378
617561.88,3474473.99,379
617561.88,3469473.99,380
617561.88,3464473.99,381
617561.88,3459473.99,382
617561.88,3454473.99,383
617561.88,3449473.99,384
617561.88,3444473.99,385
617561.88,3439473.99,386
617561.88,3434473.99,387
617561.88,3429473.99,388
617561.88,3424473.99,389
617561.88,3419473.99,390
617561.88,3414473.99,391
617561.88,3409473.99,392
617561.88,3404473.99,393
617561.88,3399473.99,394
617561.88,3394473.99,395
617561.88,3389473.99,396
617561.88,3384473.99,397
617561.88,3379473.99,398
617561.88,3374473.99,399
617561.88,3369473.99,400
617561.88,3364473.99,401
617561.88,3359473.99,402
617561.88,3354473.99,403
617561.88,3349473.99,404
617561.88,3344473.99,405
617561.88,3339473.99,406
617561.88,3334473.99,407
617561.88,3329473.99,408
617561.88,3324473.99,409
617561.88,3319473.99,410
617561.88,3314473.99,411
617561.88,3309473.99,412
617561.88,3304473.99,413
617561.88,3299473.99,414
617561.88,3294473.99,415
617561.88,3289473.99,416
617561.88,3284473.99,417
617561.88,3279473.99,418
617561.88,3274473.99,419
622561.88,3689473.99,420
622561.88,3684473.99,421
622561.88,3679473.99,422
622561.88,3674473.99,423
622561.88,3669473.99,424
622561.88,3664473.99,425
622561.88,3659473.99,426
622561.88,3654473.99,427
622561.88,3649473.99,428
622561.88,3644473.99,429
622561.88,3639473.99,430
622561.88,3634473.99,431
622561.88,3629473.99,432
622561.88,3624473.99,433
622561.88,3619473.99,434
622561.88,3614473.99,435
622561.88,3609473.99,436
622561.88,3604473.99,437
622561.88,3599473.99,438
622561.88,3594473.99,439
622561.88,3589473.99,440
622561.88,3584473.99,441
622561.88,3579473.99,442
622561.88,3574473.99,443
622561.88,3569473.99,444
622561.88,3564473.99,445
622561.88,3559473.99,446
622561.88,3554473.99,447
622561.88,3549473.99,448
622561.88,3544473.99,449
622561.88,3539473.99,450
622561.88,3534473.99,451
622561.88,3529473.99,452
622561.88,3524473.99,453
622561.88,3519473.99,454
622561.88,3514473.99,455
622561.88,3509473.99,456
622561.88,3504473.99,457
622561.88,3499473.99,458
622561.88,3494473.99,459
622561.88,3489473.99,460
622561.88,3484473.99,461
622561.88,3479473.99,462
622561.88,3474473.99,463
622561.88,3469473.99,464
622561.88,3464473.99,465
622561.88,3459473.99,466
622561.88,3454473.99,467
622561.88,3449473.99,468
622561.88,3444473.99,469
622561.88,3439473.99,470
622561.88,3434473.99,471
622561.88,3429473.99,472
622561.88,3424473.99,473
622561.88,3419473.99,474
622561.88,3414473.99,475
622561.88,3409473.99,476
622561.88,3404473.99,477
622561.88,3399473.99,478
622561.88,3394473.99,479
622561.88,3389473.99,480
622561.88,3384473.99,481
622561.88,3379473.99,482
622561.88,3374473.99,483
622561.88,3369473.99,484
622561.88,3364473.99,485
622561.88,3359473.99,486
622561.88,3354473.99,487
622561.88,3349473.99,488
622561.88,3344473.99,489
622561.88,3339473.99,490
622561.88,3334473.99,491
622561.88,3329473.99,492
622561.88,3324473.99,493
622561.88,3319473.99,494
622561.88,3314473.99,495
622561.88,3309473.99,496
622561.88,3304473.99,497
622561.88,3299473.99,498
622561.88,3294473.99,499
622561.88,3289473.99,500
622561.88,3284473.99,501
622561.88,3279473.99,502
622561.88,3274473.99,503
627561.88,3689473.99,504
627561.88,3684473.99,505
627561.88,3679473.99,506
627561.88,3674473.99,507
627561.88,3669473.99,508
627561.88,3664473.99,509
627561.88,3659473.99,510
627561.88,3654473.99,511
627561.88,3649473.99,512
627561.88,3644473.99,513
627561.88,3639473.99,514
627561.88,3634473.99,515
627561.88,3629473.99,516
627561.88,3624473.99,517
627561.88,3619473.99,518
627561.88,3614473.99,519
627561.88,3609473.99,520
627561.88,3604473.99,521
627561.88,3599473.99,522
627561.88,3594473.99,523
627561.88,3589473.99,524
627561.88,3584473.99,525
627561.88,3579473.99,526
627561.88,3574473.99,527
627561.88,3569473.99,528
627561.88,3564473.99,529
627561.88,3559473.99,530
627561.88,3554473.99,531
627561.88,3549473.99,532
627561.88,3544473.99,533
627561.88,3539473.99,534
627561.88,3534473.99,535
627561.88,3529473.99,536
627561.88,3524473.99,537
627561.88,3519473.99,538
627561.88,3514473.99,539
627561.88,3509473.99,540
627561.88,3504473.99,541
627561.88,3499473.99,542
627561.88,3494473.99,543
627561.88,3489473.99,544
627561.88,3484473.99,545
627561.88,3479473.99,546
627561.88,3474473.99,547
627561.88,3469473.99,548
627561.88,3464473.99,549
627561.88,3459473.99,550
627561.88,3454473.99,551
627561.88,3449473.99,552
627561.88,3444473.99,553
627561.88,3439473.99,554
627561.88,3434473.99,555
627561.88,3429473.99,556
627561.88,3424473.99,557
627561.88,3419473.99,558
627561.88,3414473.99,559
627561.88,3409473.99,560
627561.88,3404473.99,561
627561.88,3399473.99,562
627561.88,3394473.99,563
627561.88,3389473.99,564
627561.88,3384473.99,565
627561.88,3379473.99,566
627561.88,3374473.99,567
627561.88,3369473.99,568
627561.88,3364473.99,569
627561.88,3359473.99,570
627561.88,3354473.99,571
627561.88,3349473.99,572
627561.88,3344473.99,573
627561.88,3339473.99,574
627561.88,3334473.99,575
627561.88,3329473.99,576
627561.88,3324473.99,577
627561.88,3319473.99,578
627561.88,3314473.99,579
627561.88,3309473.99,580
627561.88,3304473.99,581
627561.88,3299473.99,582
627561.88,3294473.99,583
627561.88,3289473.99,584
627561.88,3284473.99,585
627561.88,3279473.99,586
627561.88,3274473.99,587
632561.88,3689473.99,588
632561.88,3684473.99,589
632561.88,3679473.99,590
632561.88,3674473.99,591
632561.88,3669473.99,592
632561.88,3664473.99,593
632561.88,3659473.99,594
632561.88,3654473.99,595
632561.88,3649473.99,596
632561.88,3644473.99,597
632561.88,3639473.99,598
632561.88,3634473.99,599
632561.88,3629473.99,600
632561.88,3624473.99,601
632561.88,3619473.99,602
632561.88,3614473.99,603
632561.88,3609473.99,604
632561.88,3604473.99,605
632561.88,3599473.99,606
632561.88,3594473.99,607
632561.88,3589473.99,608
632561.88,3584473.99,609
632561.88,3579473.99,610
632561.88,3574473.99,611
632561.88,3569473.99,612
632561.88,3564473.99,613
632561.88,3559473.99,614
632561.88,3554473.99,615
632561.88,3549473.99,616
632561.88,3544473.99,617
632561.88,3539473.99,618
632561.88,3534473.99,619
632561.88,3529473.99,620
632561.88,3524473.99,621
632561.88,3519473.99,622
632561.88,3514473.99,623
632561.88,3509473.99,624
632561.88,3504473.99,625
632561.88,3499473.99,626
632561.88,3494473.99,627
632561.88,3489473.99,628
632561.88,3484473.99,629
632561.88,3479473.99,630
632561.88,3474473.99,631
632561.88,3469473.99,632
632561.88,3464473.99,633
632561.88,3459473.99,634
632561.88,3454473.99,635
632561.88,3449473.99,636
632561.88,3444473.99,637
632561.88,3439473.99,638
632561.88,3434473.99,639
632561.88,3429473.99,640
632561.88,3424473.99,641
632561.88,3419473.99,642
632561.88,3414473.99,643
632561.88,3409473.99,644
632561.88,3404473.99,645
632561.88,3399473.99,646
632561.88,3394473.99,647
632561.88,3389473.99,648
632561.88,3384473.99,649
632561.88,3379473.99,650
632561.88,3374473.99,651
632561.88,3369473.99,652
632561.88,3364473.99,653
632561.88,3359473.99,654
632561.88,3354473.99,655
632561.88,3349473.99,656
632561.88,3344473.99,657
632561.88,3339473.99,658
632561.88,3334473.99,659
632561.88,3329473.99,660
632561.88,3324473.99,661
632561.88,3319473.99,662
632561.88,3314473.99,663
632561.88,3309473.99,664
632561.88,3304473.99,665
632561.88,3299473.99,666
632561.88,3294473.99,667
632561.88,3289473.99,668
632561.88,3284473.99,669
632561.88,3279473.99,670
632561.88,3274473.99,671
637561.88,3689473.99,672
637561.88,3684473.99,673
637561.88,3679473.99,674
637561.88,3674473.99,675
637561.88,3669473.99,676
637561.88,3664473.99,677
637561.88,3659473.99,678
637561.88,3654473.99,679
637561.88,3649473.99,680
637561.88,3644473.99,681
637561.88,3639473.99,682
637561.88,3634473.99,683
637561.88,3629473.99,684
637561.88,3624473.99,685
637561.88,3619473.99,686
637561.88,3614473.99,687
637561.88,3609473.99,688
637561.88,3604473.99,689
637561.88,3599473.99,690
637561.88,3594473.99,691
637561.88,3589473.99,692
637561.88,3584473.99,693
637561.88,3579473.99,694
637561.88,3574473.99,695
637561.88,3569473.99,696
637561.88,3564473.99,697
637561.88,3559473.99,698
637561.88,3554473.99,699
637561.88,3549473.99,700
637561.88,3544473.99,701
637561.88,3539473.99,702
637561.88,3534473.99,703
637561.88,3529473.99,704
637561.88,3524473.99,705
637561.88,3519473.99,706
637561.88,3514473.99,707
637561.88,3509473.99,708
637561.88,3504473.99,709
637561.88,3499473.99,710
637561.88,3494473.99,711
637561.88,3489473.99,712
637561.88,3484473.99,713
637561.88,3479473.99,714
637561.88,3474473.99,715
637561.88,3469473.99,716
637561.88,3464473.99,717
637561.88,3459473.99,718
637561.88,3454473.99,719
637561.88,3449473.99,720
637561.88,3444473.99,721
637561.88,3439473.99,722
637561.88,3434473.99,723
637561.88,3429473.99,724
637561.88,3424473.99,725
637561.88,3419473.99,726
637561.88,3414473.99,727
637561.88,3409473.99,728
637561.88,3404473.99,729
637561.88,3399473.99,730
637561.88,3394473.99,731
637561.88,3389473.99,732
637561.88,3384473.99,733
637561.88,3379473.99,734
637561.88,3374473.99,735
637561.88,3369473.99,736
637561.88,3364473.99,737
637561.88,3359473.99,738
637561.88,3354473.99,739
637561.88,3349473.99,740
637561.88,3344473.99,741
637561.88,3339473.99,742
637561.88,3334473.99,743
637561.88,3329473.99,744
637561.88,3324473.99,745
637561.88,3319473.99,746
637561.88,3314473.99,747
637561.88,3309473.99,748
637561.88,3304473.99,749
637561.88,3299473.99,750
637561.88,3294473.99,751
637561.88,3289473.99,752
637561.88,3284473.99,753
637561.88,3279473.99,754
637561.88,3274473.99,755
642561.88,3689473.99,756
642561.88,3684473.99,757
642561.88,3679473.99,758
642561.88,3674473.99,759
642561.88,3669473.99,760
642561.88,3664473.99,761
642561.88,3659473.99,762
642561.88,3654473.99,763
642561.88,3649473.99,764
642561.88,3644473.99,765
642561.88,3639473.99,766
642561.88,3634473.99,767
642561.88,3629473.99,768
642561.88,3624473.99,769
642561.88,3619473.99,770
642561.88,3614473.99,771
642561.88,3609473.99,772
642561.88,3604473.99,773
642561.88,3599473.99,774
642561.88,3594473.99,775
642561.88,3589473.99,776
642561.88,3584473.99,777
642561.88,3579473.99,778
642561.88,3574473.99,779
642561.88,3569473.99,780
642561.88,3564473.99,781
642561.88,3559473.99,782
642561.88,3554473.99,783
642561.88,3549473.99,784
642561.88,3544473.99,785
642561.88,3539473.99,786
642561.88,3534473.99,787
642561.88,3529473.99,788
642561.88,3524473.99,789
642561.88,3519473.99,790
642561.88,3514473.99,791
642561.88,3509473.99,792
642561.88,3504473.99,793
642561.88,3499473.99,794
642561.88,3494473.99,795
642561.88,3489473.99,796
642561.88,3484473.99,797
642561.88,3479473.99,798
642561.88,3474473.99,799
642561.88,3469473.99,800
642561.88,3464473.99,801
642561.88,3459473.99,802
642561.88,3454473.99,803
642561.88,3449473.99,804
642561.88,3444473.99,805
642561.88,3439473.99,806
642561.88,3434473.99,807
642561.88,3429473.99,808
642561.88,3424473.99,809
642561.88,3419473.99,810
642561.88,3414473.99,811
642561.88,3409473.99,812
642561.88,3404473.99,813
642561.88,3399473.99,814
642561.88,3394473.99,815
642561.88,3389473.99,816
642561.88,3384473.99,817
642561.88,3379473.99,818
642561.88,3374473.99,819
642561.88,3369473.99,820
642561.88,3364473.99,821
642561.88,3359473.99,822
642561.88,3354473.99,823
642561.88,3349473.99,824
642561.88,3344473.99,825
642561.88,3339473.99,826
642561.88,3334473.99,827
642561.88,3329473.99,828
642561.88,3324473.99,829
642561.88,3319473.99,830
642561.88,3314473.99,831
642561.88,3309473.99,832
642561.88,3304473.99,833
642561.88,3299473.99,834
642561.88,3294473.99,835
642561.88,3289473.99,836
642561.88,3284473.99,837
642561.88,3279473.99,838
642561.88,3274473.99,839
647561.88,3689473.99,840
647561.88,3684473.99,841
647561.88,3679473.99,842
647561.88,3674473.99,843
647561.88,3669473.99,844
647561.88,3664473.99,845
647561.88,3659473.99,846
647561.88,3654473.99,847
647561.88,3649473.99,848
647561.88,3644473.99,849
647561.88,3639473.99,850
647561.88,3634473.99,851
647561.88,3629473.99,852
647561.88,3624473.99,853
647561.88,3619473.99,854
647561.88,3614473.99,855
647561.88,3609473.99,856
647561.88,3604473.99,857
647561.88,3599473.99,858
647561.88,3594473.99,859
647561.88,3589473.99,860
647561.88,3584473.99,861
647561.88,3579473.99,862
647561.88,3574473.99,863
647561.88,3569473.99,864
647561.88,3564473.99,865
647561.88,3559473.99,866
647561.88,3554473.99,867
647561.88,3549473.99,868
647561.88,3544473.99,869
647561.88,3539473.99,870
647561.88,3534473.99,871
647561.88,3529473.99,872
647561.88,3524473.99,873
647561.88,3519473.99,874
647561.88,3514473.99,875
647561.88,3509473.99,876
647561.88,3504473.99,877
647561.88,3499473.99,878
647561.88,3494473.99,879
647561.88,3489473.99,880
647561.88,3484473.99,881
647561.88,3479473.99,882
647561.88,3474473.99,883
647561.88,3469473.99,884
647561.88,3464473.99,885
647561.88,3459473.99,886
647561.88,3454473.99,887
647561.88,3449473.99,888
647561.88,3444473.99,889
647561.88,3439473.99,890
647561.88,3434473.99,891
647561.88,3429473.99,892
647561.88,3424473.99,893
647561.88,3419473.99,894
647561.88,3414473.99,895
647561.88,3409473.99,896
647561.88,3404473.99,897
647561.88,3399473.99,898
647561.88,3394473.99,899
647561.88,3389473.99,900
647561.88,3384473.99,901
647561.88,3379473.99,902
647561.88,3374473.99,903
647561.88,3369473.99,904
647561.88,3364473.99,905
647561.88,3359473.99,906
647561.88,3354473.99,907
647561.88,3349473.99,908
647561.88,3344473.99,909
647561.88,3339473.99,910
647561.88,3334473.99,911
647561.88,3329473.99,912
647561.88,3324473.99,913
647561.88,3319473.99,914
647561.88,3314473.99,915
647561.88,3309473.99,916
647561.88,3304473.99,917
647561.88,3299473.99,918
647561.88,3294473.99,919
647561.88,3289473.99,920
647561.88,3284473.99,921
647561.88,3279473.99,922
647561.88,3274473.99,923
652561.88,3689473.99,924
652561.88,3684473.99,925
652561.88,3679473.99,926
652561.88,3674473.99,927
652561.88,3669473.99,928
652561.88,3664473.99,929
652561.88,3659473.99,930
652561.88,3654473.99,931
652561.88,3649473.99,932
652561.88,3644473.99,933
652561.88,3639473.99,934
652561.88,3634473.99,935
652561.88,3629473.99,936
652561.88,3624473.99,937
652561.88,3619473.99,938
652561.88,3614473.99,939
652561.88,3609473.99,940
652561.88,3604473.99,941
652561.88,3599473.99,942
652561.88,3594473.99,943
652561.88,3589473.99,944
652561.88,3584473.99,945
652561.88,3579473.99,946
652561.88,3574473.99,947
652561.88,3569473.99,948
652561.88,3564473.99,949
652561.88,3559473.99,950
652561.88,3554473.99,951
652561.88,3549473.99,952
652561.88,3544473.99,953
652561.88,3539473.99,954
652561.88,3534473.99,955
652561.88,3529473.99,956
652561.88,3524473.99,957
652561.88,3519473.99,958
652561.88,3514473.99,959
652561.88,3509473.99,960
652561.88,3504473.99,961
652561.88,3499473.99,962
652561.88,3494473.99,963
652561.88,3489473.99,964
652561.88,3484473.99,965
652561.88,3479473.99,966
652561.88,3474473.99,967
652561.88,3469473.99,968
652561.88,3464473.99,969
652561.88,3459473.99,970
652561.88,3454473.99,971
652561.88,3449473.99,972
652561.88,3444473.99,973
652561.88,3439473.99,974
652561.88,3434473.99,975
652561.88,3429473.99,976
652561.88,3424473.99,977
652561.88,3419473.99,978
652561.88,3414473.99,979
652561.88,3409473.99,980
652561.88,3404473.99,981
652561.88,3399473.99,982
652561.88,3394473.99,983
652561.88,3389473.99,984
652561.88,3384473.99,985
652561.88,3379473.99,986
652561.88,3374473.99,987
652561.88,3369473.99,988
652561.88,3364473.99,989
652561.88,3359473.99,990
652561.88,3354473.99,991
652561.88,3349473.99,992
652561.88,3344473.99,993
652561.88,3339473.99,994
652561.88,3334473.99,995
652561.88,3329473.99,996
652561.88,3324473.99,997
652561.88,3319473.99,998
652561.88,3314473.99,999
652561.88,3309473.99,1000
652561.88,3304473.99,1001
652561.88,3299473.99,1002
652561.88,3294473.99,1003
652561.88,3289473.99,1004
652561.88,3284473.99,1005
652561.88,3279473.99,1006
652561.88,3274473.99,1007
657561.88,3689473.99,1008
657561.88,3684473.99,1009
657561.88,3679473.99,1010
657561.88,3674473.99,1011
657561.88,3669473.99,1012
657561.88,3664473.99,1013
657561.88,3659473.99,1014
657561.88,3654473.99,1015
657561.88,3649473.99,1016
657561.88,3644473.99,1017
657561.88,3639473.99,1018
657561.88,3634473.99,1019
657561.88,3629473.99,1020
657561.88,3624473.99,1021
657561.88,3619473.99,1022
657561.88,3614473.99,1023
657561.88,3609473.99,1024
657561.88,3604473.99,1025
657561.88,3599473.99,1026
657561.88,3594473.99,1027
657561.88,3589473.99,1028
657561.88,3584473.99,1029
657561.88,3579473.99,1030
657561.88,3574473.99,1031
657561.88,3569473.99,1032
657561.88,3564473.99,1033
657561.88,3559473.99,1034
657561.88,3554473.99,1035
657561.88,3549473.99,1036
657561.88,3544473.99,1037
657561.88,3539473.99,1038
657561.88,3534473.99,1039
657561.88,3529473.99,1040
657561.88,3524473.99,1041
657561.88,3519473.99,1042
657561.88,3514473.99,1043
657561.88,3509473.99,1044
657561.88,3504473.99,1045
657561.88,3499473.99,1046
657561.88,3494473.99,1047
657561.88,3489473.99,1048
657561.88,3484473.99,1049
657561.88,3479473.99,1050
657561.88,3474473.99,1051
657561.88,3469473.99,1052
657561.88,3464473.99,1053
657561.88,3459473.99,1054
657561.88,3454473.99,1055
657561.88,3449473.99,1056
657561.88,3444473.99,1057
657561.88,3439473.99,1058
657561.88,3434473.99,1059
657561.88,3429473.99,1060
657561.88,3424473.99,1061
657561.88,3419473.99,1062
657561.88,3414473.99,1063
657561.88,3409473.99,1064
657561.88,3404473.99,1065
657561.88,3399473.99,1066
657561.88,3394473.99,1067
657561.88,3389473.99,1068
657561.88,3384473.99,1069
657561.88,3379473.99,1070
657561.88,3374473.99,1071
657561.88,3369473.99,1072
657561.88,3364473.99,1073
657561.88,3359473.99,1074
657561.88,3354473.99,1075
657561.88,3349473.99,1076
657561.88,3344473.99,1077
657561.88,3339473.99,1078
657561.88,3334473.99,1079
657561.88,3329473.99,1080
657561.88,3324473.99,1081
657561.88,3319473.99,1082
657561.88,3314473.99,1083
657561.88,3309473.99,1084
657561.88,3304473.99,1085
657561.88,3299473.99,1086
657561.88,3294473.99,1087
657561.88,3289473.99,1088
657561.88,3284473.99,1089
657561.88,3279473.99,1090
657561.88,3274473.99,1091
662561.88,3689473.99,1092
662561.88,3684473.99,1093
662561.88,3679473.99,1094
662561.88,3674473.99,1095
662561.88,3669473.99,1096
662561.88,3664473.99,1097
662561.88,3659473.99,1098
662561.88,3654473.99,1099
662561.88,3649473.99,1100
662561.88,3644473.99,1101
662561.88,3639473.99,1102
662561.88,3634473.99,1103
662561.88,3629473.99,1104
662561.88,3624473.99,1105
662561.88,3619473.99,1106
662561.88,3614473.99,1107
662561.88,3609473.99,1108
662561.88,3604473.99,1109
662561.88,3599473.99,1110
662561.88,3594473.99,1111
662561.88,3589473.99,1112
662561.88,3584473.99,1113
662561.88,3579473.99,1114
662561.88,3574473.99,1115
662561.88,3569473.99,1116
662561.88,3564473.99,1117
662561.88,3559473.99,1118
662561.88,3554473.99,1119
662561.88,3549473.99,1120
662561.88,3544473.99,1121
662561.88,3539473.99,1122
662561.88,3534473.99,1123
662561.88,3529473.99,1124
662561.88,3524473.99,1125
662561.88,3519473.99,1126
662561.88,3514473.99,1127
662561.88,3509473.99,1128
662561.88,3504473.99,1129
662561.88,3499473.99,1130
662561.88,3494473.99,1131
662561.88,3489473.99,1132
662561.88,3484473.99,1133
662561.88,3479473.99,1134
662561.88,3474473.99,1135
662561.88,3469473.99,1136
662561.88,3464473.99,1137
662561.88,3459473.99,1138
662561.88,3454473.99,1139
662561.88,3449473.99,1140
662561.88,3444473.99,1141
662561.88,3439473.99,1142
662561.88,3434473.99,1143
662561.88,3429473.99,1144
662561.88,3424473.99,1145
662561.88,3419473.99,1146
662561.88,3414473.99,1147
662561.88,3409473.99,1148
662561.88,3404473.99,1149
662561.88,3399473.99,1150
662561.88,3394473.99,1151
662561.88,3389473.99,1152
662561.88,3384473.99,1153
662561.88,3379473.99,1154
662561.88,3374473.99,1155
662561.88,3369473.99,1156
662561.88,3364473.99,1157
662561.88,3359473.99,1158
662561.88,3354473.99,1159
662561.88,3349473.99,1160
662561.88,3344473.99,1161
662561.88,3339473.99,1162
662561.88,3334473.99,1163
662561.88,3329473.99,1164
662561.88,3324473.99,1165
662561.88,3319473.99,1166
662561.88,3314473.99,1167
662561.88,3309473.99,1168
662561.88,3304473.99,1169
662561.88,3299473.99,1170
662561.88,3294473.99,1171
662561.88,3289473.99,1172
662561.88,3284473.99,1173
662561.88,3279473.99,1174
662561.88,3274473.99,1175
667561.88,3689473.99,1176
667561.88,3684473.99,1177
667561.88,3679473.99,1178
667561.88,3674473.99,1179
667561.88,3669473.99,1180
667561.88,3664473.99,1181
667561.88,3659473.99,1182
667561.88,3654473.99,1183
667561.88,3649473.99,1184
667561.88,3644473.99,1185
667561.88,3639473.99,1186
667561.88,3634473.99,1187
667561.88,3629473.99,1188
667561.88,3624473.99,1189
667561.88,3619473.99,1190
667561.88,3614473.99,1191
667561.88,3609473.99,1192
667561.88,3604473.99,1193
667561.88,3599473.99,1194
667561.88,3594473.99,1195
667561.88,3589473.99,1196
667561.88,3584473.99,1197
667561.88,3579473.99,1198
667561.88,3574473.99,1199
667561.88,3569473.99,1200
667561.88,3564473.99,1201
667561.88,3559473.99,1202
667561.88,3554473.99,1203
667561.88,3549473.99,1204
667561.88,3544473.99,1205
667561.88,3539473.99,1206
667561.88,3534473.99,1207
667561.88,3529473.99,1208
667561.88,3524473.99,1209
667561.88,3519473.99,1210
667561.88,3514473.99,1211
667561.88,3509473.99,1212
667561.88,3504473.99,1213
667561.88,3499473.99,1214
667561.88,3494473.99,1215
667561.88,3489473.99,1216
667561.88,3484473.99,1217
667561.88,3479473.99,1218
667561.88,3474473.99,1219
667561.88,3469473.99,1220
667561.88,3464473.99,1221
667561.88,3459473.99,1222
667561.88,3454473.99,1223
667561.88,3449473.99,1224
667561.88,3444473.99,1225
667561.88,3439473.99,1226
667561.88,3434473.99,1227
667561.88,3429473.99,1228
667561.88,3424473.99,1229
667561.88,3419473.99,1230
667561.88,3414473.99,1231
667561.88,3409473.99,1232
667561.88,3404473.99,1233
667561.88,3399473.99,1234
667561.88,3394473.99,1235
667561.88,3389473.99,1236
667561.88,3384473.99,1237
667561.88,3379473.99,1238
667561.88,3374473.99,1239
667561.88,3369473.99,1240
667561.88,3364473.99,1241
667561.88,3359473.99,1242
667561.88,3354473.99,1243
667561.88,3349473.99,1244
667561.88,3344473.99,1245
667561.88,3339473.99,1246
667561.88,3334473.99,1247
667561.88,3329473.99,1248
667561.88,3324473.99,1249
667561.88,3319473.99,1250
667561.88,3314473.99,1251
667561.88,3309473.99,1252
667561.88,3304473.99,1253
667561.88,3299473.99,1254
667561.88,3294473.99,1255
667561.88,3289473.99,1256
667561.88,3284473.99,1257
667561.88,3279473.99,1258
667561.88,3274473.99,1259
672561.88,3689473.99,1260
672561.88,3684473.99,1261
672561.88,3679473.99,1262
672561.88,3674473.99,1263
672561.88,3669473.99,1264
672561.88,3664473.99,1265
672561.88,3659473.99,1266
672561.88,3654473.99,1267
672561.88,3649473.99,1268
672561.88,3644473.99,1269
672561.88,3639473.99,1270
672561.88,3634473.99,1271
672561.88,3629473.99,1272
672561.88,3624473.99,1273
672561.88,3619473.99,1274
672561.88,3614473.99,1275
672561.88,3609473.99,1276
672561.88,3604473.99,1277
672561.88,3599473.99,1278
672561.88,3594473.99,1279
672561.88,3589473.99,1280
672561.88,3584473.99,1281
672561.88,3579473.99,1282
672561.88,3574473.99,1283
672561.88,3569473.99,1284
672561.88,3564473.99,1285
672561.88,3559473.99,1286
672561.88,3554473.99,1287
672561.88,3549473.99,1288
672561.88,3544473.99,1289
672561.88,3539473.99,1290
672561.88,3534473.99,1291
672561.88,3529473.99,1292
672561.88,3524473.99,1293
672561.88,3519473.99,1294
672561.88,3514473.99,1295
672561.88,3509473.99,1296
672561.88,3504473.99,1297
672561.88,3499473.99,1298
672561.88,3494473.99,1299
672561.88,3489473.99,1300
672561.88,3484473.99,1301
672561.88,3479473.99,1302
672561.88,3474473.99,1303
672561.88,3469473.99,1304
672561.88,3464473.99,1305
672561.88,3459473.99,1306
672561.88,3454473.99,1307
672561.88,3449473.99,1308
672561.88,3444473.99,1309
672561.88,3439473.99,1310
672561.88,3434473.99,1311
672561.88,3429473.99,1312
672561.88,3424473.99,1313
672561.88,3419473.99,1314
672561.88,3414473.99,1315
672561.88,3409473.99,1316
672561.88,3404473.99,1317
672561.88,3399473.99,1318
672561.88,3394473.99,1319
672561.88,3389473.99,1320
672561.88,3384473.99,1321
672561.88,3379473.99,1322
672561.88,3374473.99,1323
672561.88,3369473.99,1324
672561.88,3364473.99,1325
672561.88,3359473.99,1326
672561.88,3354473.99,1327
672561.88,3349473.99,1328
672561.88,3344473.99,1329
672561.88,3339473.99,1330
672561.88,3334473.99,1331
672561.88,3329473.99,1332
672561.88,3324473.99,1333
672561.88,3319473.99,1334
672561.88,3314473.99,1335
672561.88,3309473.99,1336
672561.88,3304473.99,1337
672561.88,3299473.99,1338
672561.88,3294473.99,1339
672561.88,3289473.99,1340
672561.88,3284473.99,1341
672561.88,3279473.99,1342
672561.88,3274473.99,1343
677561.88,3689473.99,1344
677561.88,3684473.99,1345
677561.88,3679473.99,1346
677561.88,3674473.99,1347
677561.88,3669473.99,1348
677561.88,3664473.99,1349
677561.88,3659473.99,1350
677561.88,3654473.99,1351
677561.88,3649473.99,1352
677561.88,3644473.99,1353
677561.88,3639473.99,1354
677561.88,3634473.99,1355
677561.88,3629473.99,1356
677561.88,3624473.99,1357
677561.88,3619473.99,1358
677561.88,3614473.99,1359
677561.88,3609473.99,1360
677561.88,3604473.99,1361
677561.88,3599473.99,1362
677561.88,3594473.99,1363
677561.88,3589473.99,1364
677561.88,3584473.99,1365
677561.88,3579473.99,1366
677561.88,3574473.99,1367
677561.88,3569473.99,1368
677561.88,3564473.99,1369
677561.88,3559473.99,1370
677561.88,3554473.99,1371
677561.88,3549473.99,1372
677561.88,3544473.99,1373
677561.88,3539473.99,1374
677561.88,3534473.99,1375
677561.88,3529473.99,1376
677561.88,3524473.99,1377
677561.88,3519473.99,1378
677561.88,3514473.99,1379
677561.88,3509473.99,1380
677561.88,3504473.99,1381
677561.88,3499473.99,1382
677561.88,3494473.99,1383
677561.88,3489473.99,1384
677561.88,3484473.99,1385
677561.88,3479473.99,1386
677561.88,3474473.99,1387
677561.88,3469473.99,1388
677561.88,3464473.99,1389
677561.88,3459473.99,1390
677561.88,3454473.99,1391
677561.88,3449473.99,1392
677561.88,3444473.99,1393
677561.88,3439473.99,1394
677561.88,3434473.99,1395
677561.88,3429473.99,1396
677561.88,3424473.99,1397
677561.88,3419473.99,1398
677561.88,3414473.99,1399
677561.88,3409473.99,1400
677561.88,3404473.99,1401
677561.88,3399473.99,1402
677561.88,3394473.99,1403
677561.88,3389473.99,1404
677561.88,3384473.99,1405
677561.88,3379473.99,1406
677561.88,3374473.99,1407
677561.88,3369473.99,1408
677561.88,3364473.99,1409
677561.88,3359473.99,1410
677561.88,3354473.99,1411
677561.88,3349473.99,1412
677561.88,3344473.99,1413
677561.88,3339473.99,1414
677561.88,3334473.99,1415
677561.88,3329473.99,1416
677561.88,3324473.99,1417
677561.88,3319473.99,1418
677561.88,3314473.99,1419
677561.88,3309473.99,1420
677561.88,3304473.99,1421
677561.88,3299473.99,1422
677561.88,3294473.99,1423
677561.88,3289473.99,1424
677561.88,3284473.99,1425
677561.88,3279473.99,1426
677561.88,3274473.99,1427
682561.88,3689473.99,1428
682561.88,3684473.99,1429
682561.88,3679473.99,1430
682561.88,3674473.99,1431
682561.88,3669473.99,1432
682561.88,3664473.99,1433
682561.88,3659473.99,1434
682561.88,3654473.99,1435
682561.88,3649473.99,1436
682561.88,3644473.99,1437
682561.88,3639473.99,1438
682561.88,3634473.99,1439
682561.88,3629473.99,1440
682561.88,3624473.99,1441
682561.88,3619473.99,1442
682561.88,3614473.99,1443
682561.88,3609473.99,1444
682561.88,3604473.99,1445
682561.88,3599473.99,1446
682561.88,3594473.99,1447
682561.88,3589473.99,1448
682561.88,3584473.99,1449
682561.88,3579473.99,1450
682561.88,3574473.99,1451
682561.88,3569473.99,1452
682561.88,3564473.99,1453
682561.88,3559473.99,1454
682561.88,3554473.99,1455
682561.88,3549473.99,1456
682561.88,3544473.99,1457
682561.88,3539473.99,1458
682561.88,3534473.99,1459
682561.88,3529473.99,1460
682561.88,3524473.99,1461
682561.88,3519473.99,1462
682561.88,3514473.99,1463
682561.88,3509473.99,1464
682561.88,3504473.99,1465
682561.88,3499473.99,1466
682561.88,3494473.99,1467
682561.88,3489473.99,1468
682561.88,3484473.99,1469
682561.88,3479473.99,1470
682561.88,3474473.99,1471
682561.88,3469473.99,1472
682561.88,3464473.99,1473
682561.88,3459473.99,1474
682561.88,3454473.99,1475
682561.88,3449473.99,1476
682561.88,3444473.99,1477
682561.88,3439473.99,1478
682561.88,3434473.99,1479
682561.88,3429473.99,1480
682561.88,3424473.99,1481
682561.88,3419473.99,1482
682561.88,3414473.99,1483
682561.88,3409473.99,1484
682561.88,3404473.99,1485
682561.88,3399473.99,1486
682561.88,3394473.99,1487
682561.88,3389473.99,1488
682561.88,3384473.99,1489
682561.88,3379473.99,1490
682561.88,3374473.99,1491
682561.88,3369473.99,1492
682561.88,3364473.99,1493
682561.88,3359473.99,1494
682561.88,3354473.99,1495
682561.88,3349473.99,1496
682561.88,3344473.99,1497
682561.88,3339473.99,1498
682561.88,3334473.99,1499
682561.88,3329473.99,1500
682561.88,3324473.99,1501
682561.88,3319473.99,1502
682561.88,3314473.99,1503
682561.88,3309473.99,1504
682561.88,3304473.99,1505
682561.88,3299473.99,1506
682561.88,3294473.99,1507
682561.88,3289473.99,1508
682561.88,3284473.99,1509
682561.88,3279473.99,1510
682561.88,3274473.99,1511
687561.88,3689473.99,1512
687561.88,3684473.99,1513
687561.88,3679473.99,1514
687561.88,3674473.99,1515
687561.88,3669473.99,1516
687561.88,3664473.99,1517
687561.88,3659473.99,1518
687561.88,3654473.99,1519
687561.88,3649473.99,1520
687561.88,3644473.99,1521
687561.88,3639473.99,1522
687561.88,3634473.99,1523
687561.88,3629473.99,1524
687561.88,3624473.99,1525
687561.88,3619473.99,1526
687561.88,3614473.99,1527
687561.88,3609473.99,1528
687561.88,3604473.99,1529
687561.88,3599473.99,1530
687561.88,3594473.99,1531
687561.88,3589473.99,1532
687561.88,3584473.99,1533
687561.88,3579473.99,1534
687561.88,3574473.99,1535
687561.88,3569473.99,1536
687561.88,3564473.99,1537
687561.88,3559473.99,1538
687561.88,3554473.99,1539
687561.88,3549473.99,1540
687561.88,3544473.99,1541
687561.88,3539473.99,1542
687561.88,3534473.99,1543
687561.88,3529473.99,1544
687561.88,3524473.99,1545
687561.88,3519473.99,1546
687561.88,3514473.99,1547
687561.88,3509473.99,1548
687561.88,3504473.99,1549
687561.88,3499473.99,1550
687561.88,3494473.99,1551
687561.88,3489473.99,1552
687561.88,3484473.99,1553
687561.88,3479473.99,1554
687561.88,3474473.99,1555
687561.88,3469473.99,1556
687561.88,3464473.99,1557
687561.88,3459473.99,1558
687561.88,3454473.99,1559
687561.88,3449473.99,1560
687561.88,3444473.99,1561
687561.88,3439473.99,1562
687561.88,3434473.99,1563
687561.88,3429473.99,1564
687561.88,3424473.99,1565
687561.88,3419473.99,1566
687561.88,3414473.99,1567
687561.88,3409473.99,1568
687561.88,3404473.99,1569
687561.88,3399473.99,1570
687561.88,3394473.99,1571
687561.88,3389473.99,1572
687561.88,3384473.99,1573
687561.88,3379473.99,1574
687561.88,3374473.99,1575
687561.88,3369473.99,1576
687561.88,3364473.99,1577
687561.88,3359473.99,1578
687561.88,3354473.99,1579
687561.88,3349473.99,1580
687561.88,3344473.99,1581
687561.88,3339473.99,1582
687561.88,3334473.99,1583
687561.88,3329473.99,1584
687561.88,3324473.99,1585
687561.88,3319473.99,1586
687561.88,3314473.99,1587
687561.88,3309473.99,1588
687561.88,3304473.99,1589
687561.88,3299473.99,1590
687561.88,3294473.99,1591
687561.88,3289473.99,1592
687561.88,3284473.99,1593
687561.88,3279473.99,1594
687561.88,3274473.99,1595
692561.88,3689473.99,1596
692561.88,3684473.99,1597
692561.88,3679473.99,1598
692561.88,3674473.99,1599
692561.88,3669473.99,1600
692561.88,3664473.99,1601
692561.88,3659473.99,1602
692561.88,3654473.99,1603
692561.88,3649473.99,1604
692561.88,3644473.99,1605
692561.88,3639473.99,1606
692561.88,3634473.99,1607
692561.88,3629473.99,1608
692561.88,3624473.99,1609
692561.88,3619473.99,1610
692561.88,3614473.99,1611
692561.88,3609473.99,1612
692561.88,3604473.99,1613
692561.88,3599473.99,1614
692561.88,3594473.99,1615
692561.88,3589473.99,1616
692561.88,3584473.99,1617
692561.88,3579473.99,1618
692561.88,3574473.99,1619
692561.88,3569473.99,1620
692561.88,3564473.99,1621
692561.88,3559473.99,1622
692561.88,3554473.99,1623
692561.88,3549473.99,1624
692561.88,3544473.99,1625
692561.88,3539473.99,1626
692561.88,3534473.99,1627
692561.88,3529473.99,1628
692561.88,3524473.99,1629
692561.88,3519473.99,1630
692561.88,3514473.99,1631
692561.88,3509473.99,1632
692561.88,3504473.99,1633
692561.88,3499473.99,1634
692561.88,3494473.99,1635
692561.88,3489473.99,1636
692561.88,3484473.99,1637
692561.88,3479473.99,1638
692561.88,3474473.99,1639
692561.88,3469473.99,1640
692561.88,3464473.99,1641
692561.88,3459473.99,1642
692561.88,3454473.99,1643
692561.88,3449473.99,1644
692561.88,3444473.99,1645
692561.88,3439473.99,1646
692561.88,3434473.99,1647
692561.88,3429473.99,1648
692561.88,3424473.99,1649
692561.88,3419473.99,1650
692561.88,3414473.99,1651
692561.88,3409473.99,1652
692561.88,3404473.99,1653
692561.88,3399473.99,1654
692561.88,3394473.99,1655
692561.88,3389473.99,1656
692561.88,3384473.99,1657
692561.88,3379473.99,1658
692561.88,3374473.99,1659
692561.88,3369473.99,1660
692561.88,3364473.99,1661
692561.88,3359473.99,1662
692561.88,3354473.99,1663
692561.88,3349473.99,1664
692561.88,3344473.99,1665
692561.88,3339473.99,1666
692561.88,3334473.99,1667
692561.88,3329473.99,1668
692561.88,3324473.99,1669
692561.88,3319473.99,1670
692561.88,3314473.99,1671
692561.88,3309473.99,1672
692561.88,3304473.99,1673
692561.88,3299473.99,1674
692561.88,3294473.99,1675
692561.88,3289473.99,1676
692561.88,3284473.99,1677
692561.88,3279473.99,1678
692561.88,3274473.99,1679
697561.88,3689473.99,1680
697561.88,3684473.99,1681
697561.88,3679473.99,1682
697561.88,3674473.99,1683
697561.88,3669473.99,1684
697561.88,3664473.99,1685
697561.88,3659473.99,1686
697561.88,3654473.99,1687
697561.88,3649473.99,1688
697561.88,3644473.99,1689
697561.88,3639473.99,1690
697561.88,3634473.99,1691
697561.88,3629473.99,1692
697561.88,3624473.99,1693
697561.88,3619473.99,1694
697561.88,3614473.99,1695
697561.88,3609473.99,1696
697561.88,3604473.99,1697
697561.88,3599473.99,1698
697561.88,3594473.99,1699
697561.88,3589473.99,1700
697561.88,3584473.99,1701
697561.88,3579473.99,1702
697561.88,3574473.99,1703
697561.88,3569473.99,1704
697561.88,3564473.99,1705
697561.88,3559473.99,1706
697561.88,3554473.99,1707
697561.88,3549473.99,1708
697561.88,3544473.99,1709
697561.88,3539473.99,1710
697561.88,3534473.99,1711
697561.88,3529473.99,1712
697561.88,3524473.99,1713
697561.88,3519473.99,1714
697561.88,3514473.99,1715
697561.88,3509473.99,1716
697561.88,3504473.99,1717
697561.88,3499473.99,1718
697561.88,3494473.99,1719
697561.88,3489473.99,1720
697561.88,3484473.99,1721
697561.88,3479473.99,1722
697561.88,3474473.99,1723
697561.88,3469473.99,1724
697561.88,3464473.99,1725
697561.88,3459473.99,1726
697561.88,3454473.99,1727
697561.88,3449473.99,1728
697561.88,3444473.99,1729
697561.88,3439473.99,1730
697561.88,3434473.99,1731
697561.88,3429473.99,1732
697561.88,3424473.99,1733
697561.88,3419473.99,1734
697561.88,3414473.99,1735
697561.88,3409473.99,1736
697561.88,3404473.99,1737
697561.88,3399473.99,1738
697561.88,3394473.99,1739
697561.88,3389473.99,1740
697561.88,3384473.99,1741
697561.88,3379473.99,1742
697561.88,3374473.99,1743
697561.88,3369473.99,1744
697561.88,3364473.99,1745
697561.88,3359473.99,1746
697561.88,3354473.99,1747
697561.88,3349473.99,1748
697561.88,3344473.99,1749
697561.88,3339473.99,1750
697561.88,3334473.99,1751
697561.88,3329473.99,1752
697561.88,3324473.99,1753
697561.88,3319473.99,1754
697561.88,3314473.99,1755
697561.88,3309473.99,1756
697561.88,3304473.99,1757
697561.88,3299473.99,1758
697561.88,3294473.99,1759
697561.88,3289473.99,1760
697561.88,3284473.99,1761
697561.88,3279473.99,1762
697561.88,3274473.99,1763
702561.88,3689473.99,1764
702561.88,3684473.99,1765
702561.88,3679473.99,1766
702561.88,3674473.99,1767
702561.88,3669473.99,1768
702561.88,3664473.99,1769
702561.88,3659473.99,1770
702561.88,3654473.99,1771
702561.88,3649473.99,1772
702561.88,3644473.99,1773
702561.88,3639473.99,1774
702561.88,3634473.99,1775
702561.88,3629473.99,1776
702561.88,3624473.99,1777
702561.88,3619473.99,1778
702561.88,3614473.99,1779
702561.88,3609473.99,1780
702561.88,3604473.99,1781
702561.88,3599473.99,1782
702561.88,3594473.99,1783
702561.88,3589473.99,1784
702561.88,3584473.99,1785
702561.88,3579473.99,1786
702561.88,3574473.99,1787
702561.88,3569473.99,1788
702561.88,3564473.99,1789
702561.88,3559473.99,1790
702561.88,3554473.99,1791
702561.88,3549473.99,1792
702561.88,3544473.99,1793
702561.88,3539473.99,1794
702561.88,3534473.99,1795
702561.88,3529473.99,1796
702561.88,3524473.99,1797
702561.88,3519473.99,1798
702561.88,3514473.99,1799
702561.88,3509473.99,1800
702561.88,3504473.99,1801
702561.88,3499473.99,1802
702561.88,3494473.99,1803
702561.88,3489473.99,1804
702561.88,3484473.99,1805
702561.88,3479473.99,1806
702561.88,3474473.99,1807
702561.88,3469473.99,1808
702561.88,3464473.99,1809
702561.88,3459473.99,1810
702561.88,3454473.99,1811
702561.88,3449473.99,1812
702561.88,3444473.99,1813
702561.88,3439473.99,1814
702561.88,3434473.99,1815
702561.88,3429473.99,1816
702561.88,3424473.99,1817
702561.88,3419473.99,1818
702561.88,3414473.99,1819
702561.88,3409473.99,1820
702561.88,3404473.99,1821
702561.88,3399473.99,1822
702561.88,3394473.99,1823
702561.88,3389473.99,1824
702561.88,3384473.99,1825
702561.88,3379473.99,1826
702561.88,3374473.99,1827
702561.88,3369473.99,1828
702561.88,3364473.99,1829
702561.88,3359473.99,1830
702561.88,3354473.99,1831
702561.88,3349473.99,1832
702561.88,3344473.99,1833
702561.88,3339473.99,1834
702561.88,3334473.99,1835
702561.88,3329473.99,1836
702561.88,3324473.99,1837
702561.88,3319473.99,1838
702561.88,3314473.99,1839
702561.88,3309473.99,1840
702561.88,3304473.99,1841
702561.88,3299473.99,1842
702561.88,3294473.99,1843
702561.88,3289473.99,1844
702561.88,3284473.99,1845
702561.88,3279473.99,1846
702561.88,3274473.99,1847
707561.88,3689473.99,1848
707561.88,3684473.99,1849
707561.88,3679473.99,1850
707561.88,3674473.99,1851
707561.88,3669473.99,1852
707561.88,3664473.99,1853
707561.88,3659473.99,1854
707561.88,3654473.99,1855
707561.88,3649473.99,1856
707561.88,3644473.99,1857
707561.88,3639473.99,1858
707561.88,3634473.99,1859
707561.88,3629473.99,1860
707561.88,3624473.99,1861
707561.88,3619473.99,1862
707561.88,3614473.99,1863
707561.88,3609473.99,1864
707561.88,3604473.99,1865
707561.88,3599473.99,1866
707561.88,3594473.99,1867
707561.88,3589473.99,1868
707561.88,3584473.99,1869
707561.88,3579473.99,1870
707561.88,3574473.99,1871
707561.88,3569473.99,1872
707561.88,3564473.99,1873
707561.88,3559473.99,1874
707561.88,3554473.99,1875
707561.88,3549473.99,1876
707561.88,3544473.99,1877
707561.88,3539473.99,1878
707561.88,3534473.99,1879
707561.88,3529473.99,1880
707561.88,3524473.99,1881
707561.88,3519473.99,1882
707561.88,3514473.99,1883
707561.88,3509473.99,1884
707561.88,3504473.99,1885
707561.88,3499473.99,1886
707561.88,3494473.99,1887
707561.88,3489473.99,1888
707561.88,3484473.99,1889
707561.88,3479473.99,1890
707561.88,3474473.99,1891
707561.88,3469473.99,1892
707561.88,3464473.99,1893
707561.88,3459473.99,1894
707561.88,3454473.99,1895
707561.88,3449473.99,1896
707561.88,3444473.99,1897
707561.88,3439473.99,1898
707561.88,3434473.99,1899
707561.88,3429473.99,1900
707561.88,3424473.99,1901
707561.88,3419473.99,1902
707561.88,3414473.99,1903
707561.88,3409473.99,1904
707561.88,3404473.99,1905
707561.88,3399473.99,1906
707561.88,3394473.99,1907
707561.88,3389473.99,1908
707561.88,3384473.99,1909
707561.88,3379473.99,1910
707561.88,3374473.99,1911
707561.88,3369473.99,1912
707561.88,3364473.99,1913
707561.88,3359473.99,1914
707561.88,3354473.99,1915
707561.88,3349473.99,1916
707561.88,3344473.99,1917
707561.88,3339473.99,1918
707561.88,3334473.99,1919
707561.88,3329473.99,1920
707561.88,3324473.99,1921
707561.88,3319473.99,1922
707561.88,3314473.99,1923
707561.88,3309473.99,1924
707561.88,3304473.99,1925
707561.88,3299473.99,1926
707561.88,3294473.99,1927
707561.88,3289473.99,1928
707561.88,3284473.99,1929
707561.88,3279473.99,1930
707561.88,3274473.99,1931
712561.88,3689473.99,1932
712561.88,3684473.99,1933
712561.88,3679473.99,1934
712561.88,3674473.99,1935
712561.88,3669473.99,1936
712561.88,3664473.99,1937
712561.88,3659473.99,1938
712561.88,3654473.99,1939
712561.88,3649473.99,1940
712561.88,3644473.99,1941
712561.88,3639473.99,1942
712561.88,3634473.99,1943
712561.88,3629473.99,1944
712561.88,3624473.99,1945
712561.88,3619473.99,1946
712561.88,3614473.99,1947
712561.88,3609473.99,1948
712561.88,3604473.99,1949
712561.88,3599473.99,1950
712561.88,3594473.99,1951
712561.88,3589473.99,1952
712561.88,3584473.99,1953
712561.88,3579473.99,1954
712561.88,3574473.99,1955
712561.88,3569473.99,1956
712561.88,3564473.99,1957
712561.88,3559473.99,1958
712561.88,3554473.99,1959
712561.88,3549473.99,1960
712561.88,3544473.99,1961
712561.88,3539473.99,1962
712561.88,3534473.99,1963
712561.88,3529473.99,1964
712561.88,3524473.99,1965
712561.88,3519473.99,1966
712561.88,3514473.99,1967
712561.88,3509473.99,1968
712561.88,3504473.99,1969
712561.88,3499473.99,1970
712561.88,3494473.99,1971
712561.88,3489473.99,1972
712561.88,3484473.99,1973
712561.88,3479473.99,1974
712561.88,3474473.99,1975
712561.88,3469473.99,1976
712561.88,3464473.99,1977
712561.88,3459473.99,1978
712561.88,3454473.99,1979
712561.88,3449473.99,1980
712561.88,3444473.99,1981
712561.88,3439473.99,1982
712561.88,3434473.99,1983
712561.88,3429473.99,1984
712561.88,3424473.99,1985
712561.88,3419473.99,1986
712561.88,3414473.99,1987
712561.88,3409473.99,1988
712561.88,3404473.99,1989
712561.88,3399473.99,1990
712561.88,3394473.99,1991
712561.88,3389473.99,1992
712561.88,3384473.99,1993
712561.88,3379473.99,1994
712561.88,3374473.99,1995
712561.88,3369473.99,1996
712561.88,3364473.99,1997
712561.88,3359473.99,1998
712561.88,3354473.99,1999
712561.88,3349473.99,2000
712561.88,3344473.99,2001
712561.88,3339473.99,2002
712561.88,3334473.99,2003
712561.88,3329473.99,2004
712561.88,3324473.99,2005
712561.88,3319473.99,2006
712561.88,3314473.99,2007
712561.88,3309473.99,2008
712561.88,3304473.99,2009
712561.88,3299473.99,2010
712561.88,3294473.99,2011
712561.88,3289473.99,2012
712561.88,3284473.99,2013
712561.88,3279473.99,2014
712561.88,3274473.99,2015
717561.88,3689473.99,2016
717561.88,3684473.99,2017
717561.88,3679473.99,2018
717561.88,3674473.99,2019
717561.88,3669473.99,2020
717561.88,3664473.99,2021
717561.88,3659473.99,2022
717561.88,3654473.99,2023
717561.88,3649473.99,2024
717561.88,3644473.99,2025
717561.88,3639473.99,2026
717561.88,3634473.99,2027
717561.88,3629473.99,2028
717561.88,3624473.99,2029
717561.88,3619473.99,2030
717561.88,3614473.99,2031
717561.88,3609473.99,2032
717561.88,3604473.99,2033
717561.88,3599473.99,2034
717561.88,3594473.99,2035
717561.88,3589473.99,2036
717561.88,3584473.99,2037
717561.88,3579473.99,2038
717561.88,3574473.99,2039
717561.88,3569473.99,2040
717561.88,3564473.99,2041
717561.88,3559473.99,2042
717561.88,3554473.99,2043
717561.88,3549473.99,2044
717561.88,3544473.99,2045
717561.88,3539473.99,2046
717561.88,3534473.99,2047
717561.88,3529473.99,2048
717561.88,3524473.99,2049
717561.88,3519473.99,2050
717561.88,3514473.99,2051
717561.88,3509473.99,2052
717561.88,3504473.99,2053
717561.88,3499473.99,2054
717561.88,3494473.99,2055
717561.88,3489473.99,2056
717561.88,3484473.99,2057
717561.88,3479473.99,2058
717561.88,3474473.99,2059
717561.88,3469473.99,2060
717561.88,3464473.99,2061
717561.88,3459473.99,2062
717561.88,3454473.99,2063
717561.88,3449473.99,2064
717561.88,3444473.99,2065
717561.88,3439473.99,2066
717561.88,3434473.99,2067
717561.88,3429473.99,2068
717561.88,3424473.99,2069
717561.88,3419473.99,2070
717561.88,3414473.99,2071
717561.88,3409473.99,2072
717561.88,3404473.99,2073
717561.88,3399473.99,2074
717561.88,3394473.99,2075
717561.88,3389473.99,2076
717561.88,3384473.99,2077
717561.88,3379473.99,2078
717561.88,3374473.99,2079
717561.88,3369473.99,2080
717561.88,3364473.99,2081
717561.88,3359473.99,2082
717561.88,3354473.99,2083
717561.88,3349473.99,2084
717561.88,3344473.99,2085
717561.88,3339473.99,2086
717561.88,3334473.99,2087
717561.88,3329473.99,2088
717561.88,3324473.99,2089
717561.88,3319473.99,2090
717561.88,3314473.99,2091
717561.88,3309473.99,2092
717561.88,3304473.99,2093
717561.88,3299473.99,2094
717561.88,3294473.99,2095
717561.88,3289473.99,2096
717561.88,3284473.99,2097
717561.88,3279473.99,2098
717561.88,3274473.99,2099
722561.88,3689473.99,2100
722561.88,3684473.99,2101
722561.88,3679473.99,2102
722561.88,3674473.99,2103
722561.88,3669473.99,2104
722561.88,3664473.99,2105
722561.88,3659473.99,2106
722561.88,3654473.99,2107
722561.88,3649473.99,2108
722561.88,3644473.99,2109
722561.88,3639473.99,2110
722561.88,3634473.99,2111
722561.88,3629473.99,2112
722561.88,3624473.99,2113
722561.88,3619473.99,2114
722561.88,3614473.99,2115
722561.88,3609473.99,2116
722561.88,3604473.99,2117
722561.88,3599473.99,2118
722561.88,3594473.99,2119
722561.88,3589473.99,2120
722561.88,3584473.99,2121
722561.88,3579473.99,2122
722561.88,3574473.99,2123
722561.88,3569473.99,2124
722561.88,3564473.99,2125
722561.88,3559473.99,2126
722561.88,3554473.99,2127
722561.88,3549473.99,2128
722561.88,3544473.99,2129
722561.88,3539473.99,2130
722561.88,3534473.99,2131
722561.88,3529473.99,2132
722561.88,3524473.99,2133
722561.88,3519473.99,2134
722561.88,3514473.99,2135
722561.88,3509473.99,2136
722561.88,3504473.99,2137
722561.88,3499473.99,2138
722561.88,3494473.99,2139
722561.88,3489473.99,2140
722561.88,3484473.99,2141
722561.88,3479473.99,2142
722561.88,3474473.99,2143
722561.88,3469473.99,2144
722561.88,3464473.99,2145
722561.88,3459473.99,2146
722561.88,3454473.99,2147
722561.88,3449473.99,2148
722561.88,3444473.99,2149
722561.88,3439473.99,2150
722561.88,3434473.99,2151
722561.88,3429473.99,2152
722561.88,3424473.99,2153
722561.88,3419473.99,2154
722561.88,3414473.99,2155
722561.88,3409473.99,2156
722561.88,3404473.99,2157
722561.88,3399473.99,2158
722561.88,3394473.99,2159
722561.88,3389473.99,2160
722561.88,3384473.99,2161
722561.88,3379473.99,2162
722561.88,3374473.99,2163
722561.88,3369473.99,2164
722561.88,3364473.99,2165
722561.88,3359473.99,2166
722561.88,3354473.99,2167
722561.88,3349473.99,2168
722561.88,3344473.99,2169
722561.88,3339473.99,2170
722561.88,3334473.99,2171
722561.88,3329473.99,2172
722561.88,3324473.99,2173
722561.88,3319473.99,2174
722561.88,3314473.99,2175
722561.88,3309473.99,2176
722561.88,3304473.99,2177
722561.88,3299473.99,2178
722561.88,3294473.99,2179
722561.88,3289473.99,2180
722561.88,3284473.99,2181
722561.88,3279473.99,2182
722561.88,3274473.99,2183
727561.88,3689473.99,2184
727561.88,3684473.99,2185
727561.88,3679473.99,2186
727561.88,3674473.99,2187
727561.88,3669473.99,2188
727561.88,3664473.99,2189
727561.88,3659473.99,2190
727561.88,3654473.99,2191
727561.88,3649473.99,2192
727561.88,3644473.99,2193
727561.88,3639473.99,2194
727561.88,3634473.99,2195
727561.88,3629473.99,2196
727561.88,3624473.99,2197
727561.88,3619473.99,2198
727561.88,3614473.99,2199
727561.88,3609473.99,2200
727561.88,3604473.99,2201
727561.88,3599473.99,2202
727561.88,3594473.99,2203
727561.88,3589473.99,2204
727561.88,3584473.99,2205
727561.88,3579473.99,2206
727561.88,3574473.99,2207
727561.88,3569473.99,2208
727561.88,3564473.99,2209
727561.88,3559473.99,2210
727561.88,3554473.99,2211
727561.88,3549473.99,2212
727561.88,3544473.99,2213
727561.88,3539473.99,2214
727561.88,3534473.99,2215
727561.88,3529473.99,2216
727561.88,3524473.99,2217
727561.88,3519473.99,2218
727561.88,3514473.99,2219
727561.88,3509473.99,2220
727561.88,3504473.99,2221
727561.88,3499473.99,2222
727561.88,3494473.99,2223
727561.88,3489473.99,2224
727561.88,3484473.99,2225
727561.88,3479473.99,2226
727561.88,3474473.99,2227
727561.88,3469473.99,2228
727561.88,3464473.99,2229
727561.88,3459473.99,2230
727561.88,3454473.99,2231
727561.88,3449473.99,2232
727561.88,3444473.99,2233
727561.88,3439473.99,2234
727561.88,3434473.99,2235
727561.88,3429473.99,2236
727561.88,3424473.99,2237
727561.88,3419473.99,2238
727561.88,3414473.99,2239
727561.88,3409473.99,2240
727561.88,3404473.99,2241
727561.88,3399473.99,2242
727561.88,3394473.99,2243
727561.88,3389473.99,2244
727561.88,3384473.99,2245
727561.88,3379473.99,2246
727561.88,3374473.99,2247
727561.88,3369473.99,2248
727561.88,3364473.99,2249
727561.88,3359473.99,2250
727561.88,3354473.99,2251
727561.88,3349473.99,2252
727561.88,3344473.99,2253
727561.88,3339473.99,2254
727561.88,3334473.99,2255
727561.88,3329473.99,2256
727561.88,3324473.99,2257
727561.88,3319473.99,2258
727561.88,3314473.99,2259
727561.88,3309473.99,2260
727561.88,3304473.99,2261
727561.88,3299473.99,2262
727561.88,3294473.99,2263
727561.88,3289473.99,2264
727561.88,3284473.99,2265
727561.88,3279473.99,2266
727561.88,3274473.99,2267
732561.88,3689473.99,2268
732561.88,3684473.99,2269
732561.88,3679473.99,2270
732561.88,3674473.99,2271
732561.88,3669473.99,2272
732561.88,3664473.99,2273
732561.88,3659473.99,2274
732561.88,3654473.99,2275
732561.88,3649473.99,2276
732561.88,3644473.99,2277
732561.88,3639473.99,2278
732561.88,3634473.99,2279
732561.88,3629473.99,2280
732561.88,3624473.99,2281
732561.88,3619473.99,2282
732561.88,3614473.99,2283
732561.88,3609473.99,2284
732561.88,3604473.99,2285
732561.88,3599473.99,2286
732561.88,3594473.99,2287
732561.88,3589473.99,2288
732561.88,3584473.99,2289
732561.88,3579473.99,2290
732561.88,3574473.99,2291
732561.88,3569473.99,2292
732561.88,3564473.99,2293
732561.88,3559473.99,2294
732561.88,3554473.99,2295
732561.88,3549473.99,2296
732561.88,3544473.99,2297
732561.88,3539473.99,2298
732561.88,3534473.99,2299
732561.88,3529473.99,2300
732561.88,3524473.99,2301
732561.88,3519473.99,2302
732561.88,3514473.99,2303
732561.88,3509473.99,2304
732561.88,3504473.99,2305
732561.88,3499473.99,2306
732561.88,3494473.99,2307
732561.88,3489473.99,2308
732561.88,3484473.99,2309
732561.88,3479473.99,2310
732561.88,3474473.99,2311
732561.88,3469473.99,2312
732561.88,3464473.99,2313
732561.88,3459473.99,2314
732561.88,3454473.99,2315
732561.88,3449473.99,2316
732561.88,3444473.99,2317
732561.88,3439473.99,2318
732561.88,3434473.99,2319
732561.88,3429473.99,2320
732561.88,3424473.99,2321
732561.88,3419473.99,2322
732561.88,3414473.99,2323
732561.88,3409473.99,2324
732561.88,3404473.99,2325
732561.88,3399473.99,2326
732561.88,3394473.99,2327
732561.88,3389473.99,2328
732561.88,3384473.99,2329
732561.88,3379473.99,2330
732561.88,3374473.99,2331
732561.88,3369473.99,2332
732561.88,3364473.99,2333
732561.88,3359473.99,2334
732561.88,3354473.99,2335
732561.88,3349473.99,2336
732561.88,3344473.99,2337
732561.88,3339473.99,2338
732561.88,3334473.99,2339
732561.88,3329473.99,2340
732561.88,3324473.99,2341
732561.88,3319473.99,2342
732561.88,3314473.99,2343
732561.88,3309473.99,2344
732561.88,3304473.99,2345
732561.88,3299473.99,2346
732561.88,3294473.99,2347
732561.88,3289473.99,2348
732561.88,3284473.99,2349
732561.88,3279473.99,2350
732561.88,3274473.99,2351
737561.88,3689473.99,2352
737561.88,3684473.99,2353
737561.88,3679473.99,2354
737561.88,3674473.99,2355
737561.88,3669473.99,2356
737561.88,3664473.99,2357
737561.88,3659473.99,2358
737561.88,3654473.99,2359
737561.88,3649473.99,2360
737561.88,3644473.99,2361
737561.88,3639473.99,2362
737561.88,3634473.99,2363
737561.88,3629473.99,2364
737561.88,3624473.99,2365
737561.88,3619473.99,2366
737561.88,3614473.99,2367
737561.88,3609473.99,2368
737561.88,3604473.99,2369
737561.88,3599473.99,2370
737561.88,3594473.99,2371
737561.88,3589473.99,2372
737561.88,3584473.99,2373
737561.88,3579473.99,2374
737561.88,3574473.99,2375
737561.88,3569473.99,2376
737561.88,3564473.99,2377
737561.88,3559473.99,2378
737561.88,3554473.99,2379
737561.88,3549473.99,2380
737561.88,3544473.99,2381
737561.88,3539473.99,2382
737561.88,3534473.99,2383
737561.88,3529473.99,2384
737561.88,3524473.99,2385
737561.88,3519473.99,2386
737561.88,3514473.99,2387
737561.88,3509473.99,2388
737561.88,3504473.99,2389
737561.88,3499473.99,2390
737561.88,3494473.99,2391
737561.88,3489473.99,2392
737561.88,3484473.99,2393
737561.88,3479473.99,2394
737561.88,3474473.99,2395
737561.88,3469473.99,2396
737561.88,3464473.99,2397
737561.88,3459473.99,2398
737561.88,3454473.99,2399
737561.88,3449473.99,2400
737561.88,3444473.99,2401
737561.88,3439473.99,2402
737561.88,3434473.99,2403
737561.88,3429473.99,2404
737561.88,3424473.99,2405
737561.88,3419473.99,2406
737561.88,3414473.99,2407
737561.88,3409473.99,2408
737561.88,3404473.99,2409
737561.88,3399473.99,2410
737561.88,3394473.99,2411
737561.88,3389473.99,2412
737561.88,3384473.99,2413
737561.88,3379473.99,2414
737561.88,3374473.99,2415
737561.88,3369473.99,2416
737561.88,3364473.99,2417
737561.88,3359473.99,2418
737561.88,3354473.99,2419
737561.88,3349473.99,2420
737561.88,3344473.99,2421
737561.88,3339473.99,2422
737561.88,3334473.99,2423
737561.88,3329473.99,2424
737561.88,3324473.99,2425
737561.88,3319473.99,2426
737561.88,3314473.99,2427
737561.88,3309473.99,2428
737561.88,3304473.99,2429
737561.88,3299473.99,2430
737561.88,3294473.99,2431
737561.88,3289473.99,2432
737561.88,3284473.99,2433
737561.88,3279473.99,2434
737561.88,3274473.99,2435
742561.88,3689473.99,2436
742561.88,3684473.99,2437
742561.88,3679473.99,2438
742561.88,3674473.99,2439
742561.88,3669473.99,2440
742561.88,3664473.99,2441
742561.88,3659473.99,2442
742561.88,3654473.99,2443
742561.88,3649473.99,2444
742561.88,3644473.99,2445
742561.88,3639473.99,2446
742561.88,3634473.99,2447
742561.88,3629473.99,2448
742561.88,3624473.99,2449
742561.88,3619473.99,2450
742561.88,3614473.99,2451
742561.88,3609473.99,2452
742561.88,3604473.99,2453
742561.88,3599473.99,2454
742561.88,3594473.99,2455
742561.88,3589473.99,2456
742561.88,3584473.99,2457
742561.88,3579473.99,2458
742561.88,3574473.99,2459
742561.88,3569473.99,2460
742561.88,3564473.99,2461
742561.88,3559473.99,2462
742561.88,3554473.99,2463
742561.88,3549473.99,2464
742561.88,3544473.99,2465
742561.88,3539473.99,2466
742561.88,3534473.99,2467
742561.88,3529473.99,2468
742561.88,3524473.99,2469
742561.88,3519473.99,2470
742561.88,3514473.99,2471
742561.88,3509473.99,2472
742561.88,3504473.99,2473
742561.88,3499473.99,2474
742561.88,3494473.99,2475
742561.88,3489473.99,2476
742561.88,3484473.99,2477
742561.88,3479473.99,2478
742561.88,3474473.99,2479
742561.88,3469473.99,2480
742561.88,3464473.99,2481
742561.88,3459473.99,2482
742561.88,3454473.99,2483
742561.88,3449473.99,2484
742561.88,3444473.99,2485
742561.88,3439473.99,2486
742561.88,3434473.99,2487
742561.88,3429473.99,2488
742561.88,3424473.99,2489
742561.88,3419473.99,2490
742561.88,3414473.99,2491
742561.88,3409473.99,2492
742561.88,3404473.99,2493
742561.88,3399473.99,2494
742561.88,3394473.99,2495
742561.88,3389473.99,2496
742561.88,3384473.99,2497
742561.88,3379473.99,2498
742561.88,3374473.99,2499
742561.88,3369473.99,2500
742561.88,3364473.99,2501
742561.88,3359473.99,2502
742561.88,3354473.99,2503
742561.88,3349473.99,2504
742561.88,3344473.99,2505
742561.88,3339473.99,2506
742561.88,3334473.99,2507
742561.88,3329473.99,2508
742561.88,3324473.99,2509
742561.88,3319473.99,2510
742561.88,3314473.99,2511
742561.88,3309473.99,2512
742561.88,3304473.99,2513
742561.88,3299473.99,2514
742561.88,3294473.99,2515
742561.88,3289473.99,2516
742561.88,3284473.99,2517
742561.88,3279473.99,2518
742561.88,3274473.99,2519
747561.88,3689473.99,2520
747561.88,3684473.99,2521
747561.88,3679473.99,2522
747561.88,3674473.99,2523
747561.88,3669473.99,2524
747561.88,3664473.99,2525
747561.88,3659473.99,2526
747561.88,3654473.99,2527
747561.88,3649473.99,2528
747561.88,3644473.99,2529
747561.88,3639473.99,2530
747561.88,3634473.99,2531
747561.88,3629473.99,2532
747561.88,3624473.99,2533
747561.88,3619473.99,2534
747561.88,3614473.99,2535
747561.88,3609473.99,2536
747561.88,3604473.99,2537
747561.88,3599473.99,2538
747561.88,3594473.99,2539
747561.88,3589473.99,2540
747561.88,3584473.99,2541
747561.88,3579473.99,2542
747561.88,3574473.99,2543
747561.88,3569473.99,2544
747561.88,3564473.99,2545
747561.88,3559473.99,2546
747561.88,3554473.99,2547
747561.88,3549473.99,2548
747561.88,3544473.99,2549
747561.88,3539473.99,2550
747561.88,3534473.99,2551
747561.88,3529473.99,2552
747561.88,3524473.99,2553
747561.88,3519473.99,2554
747561.88,3514473.99,2555
747561.88,3509473.99,2556
747561.88,3504473.99,2557
747561.88,3499473.99,2558
747561.88,3494473.99,2559
747561.88,3489473.99,2560
747561.88,3484473.99,2561
747561.88,3479473.99,2562
747561.88,3474473.99,2563
747561.88,3469473.99,2564
747561.88,3464473.99,2565
747561.88,3459473.99,2566
747561.88,3454473.99,2567
747561.88,3449473.99,2568
747561.88,3444473.99,2569
747561.88,3439473.99,2570
747561.88,3434473.99,2571
747561.88,3429473.99,2572
747561.88,3424473.99,2573
747561.88,3419473.99,2574
747561.88,3414473.99,2575
747561.88,3409473.99,2576
747561.88,3404473.99,2577
747561.88,3399473.99,2578
747561.88,3394473.99,2579
747561.88,3389473.99,2580
747561.88,3384473.99,2581
747561.88,3379473.99,2582
747561.88,3374473.99,2583
747561.88,3369473.99,2584
747561.88,3364473.99,2585
747561.88,3359473.99,2586
747561.88,3354473.99,2587
747561.88,3349473.99,2588
747561.88,3344473.99,2589
747561.88,3339473.99,2590
747561.88,3334473.99,2591
747561.88,3329473.99,2592
747561.88,3324473.99,2593
747561.88,3319473.99,2594
747561.88,3314473.99,2595
747561.88,3309473.99,2596
747561.88,3304473.99,2597
747561.88,3299473.99,2598
747561.88,3294473.99,2599
747561.88,3289473.99,2600
747561.88,3284473.99,2601
747561.88,3279473.99,2602
747561.88,3274473.99,2603
752561.88,3689473.99,2604
752561.88,3684473.99,2605
752561.88,3679473.99,2606
752561.88,3674473.99,2607
752561.88,3669473.99,2608
752561.88,3664473.99,2609
752561.88,3659473.99,2610
752561.88,3654473.99,2611
752561.88,3649473.99,2612
752561.88,3644473.99,2613
752561.88,3639473.99,2614
752561.88,3634473.99,2615
752561.88,3629473.99,2616
752561.88,3624473.99,2617
752561.88,3619473.99,2618
752561.88,3614473.99,2619
752561.88,3609473.99,2620
752561.88,3604473.99,2621
752561.88,3599473.99,2622
752561.88,3594473.99,2623
752561.88,3589473.99,2624
752561.88,3584473.99,2625
752561.88,3579473.99,2626
752561.88,3574473.99,2627
752561.88,3569473.99,2628
752561.88,3564473.99,2629
752561.88,3559473.99,2630
752561.88,3554473.99,2631
752561.88,3549473.99,2632
752561.88,3544473.99,2633
752561.88,3539473.99,2634
752561.88,3534473.99,2635
752561.88,3529473.99,2636
752561.88,3524473.99,2637
752561.88,3519473.99,2638
752561.88,3514473.99,2639
752561.88,3509473.99,2640
752561.88,3504473.99,2641
752561.88,3499473.99,2642
752561.88,3494473.99,2643
752561.88,3489473.99,2644
752561.88,3484473.99,2645
752561.88,3479473.99,2646
752561.88,3474473.99,2647
752561.88,3469473.99,2648
752561.88,3464473.99,2649
752561.88,3459473.99,2650
752561.88,3454473.99,2651
752561.88,3449473.99,2652
752561.88,3444473.99,2653
752561.88,3439473.99,2654
752561.88,3434473.99,2655
752561.88,3429473.99,2656
752561.88,3424473.99,2657
752561.88,3419473.99,2658
752561.88,3414473.99,2659
752561.88,3409473.99,2660
752561.88,3404473.99,2661
752561.88,3399473.99,2662
752561.88,3394473.99,2663
752561.88,3389473.99,2664
752561.88,3384473.99,2665
752561.88,3379473.99,2666
752561.88,3374473.99,2667
752561.88,3369473.99,2668
752561.88,3364473.99,2669
752561.88,3359473.99,2670
752561.88,3354473.99,2671
752561.88,3349473.99,2672
752561.88,3344473.99,2673
752561.88,3339473.99,2674
752561.88,3334473.99,2675
752561.88,3329473.99,2676
752561.88,3324473.99,2677
752561.88,3319473.99,2678
752561.88,3314473.99,2679
752561.88,3309473.99,2680
752561.88,3304473.99,2681
752561.88,3299473.99,2682
752561.88,3294473.99,2683
752561.88,3289473.99,2684
752561.88,3284473.99,2685
752561.88,3279473.99,2686
752561.88,3274473.99,2687
757561.88,3689473.99,2688
757561.88,3684473.99,2689
757561.88,3679473.99,2690
757561.88,3674473.99,2691
757561.88,3669473.99,2692
757561.88,3664473.99,2693
757561.88,3659473.99,2694
757561.88,3654473.99,2695
757561.88,3649473.99,2696
757561.88,3644473.99,2697
757561.88,3639473.99,2698
757561.88,3634473.99,2699
757561.88,3629473.99,2700
757561.88,3624473.99,2701
757561.88,3619473.99,2702
757561.88,3614473.99,2703
757561.88,3609473.99,2704
757561.88,3604473.99,2705
757561.88,3599473.99,2706
757561.88,3594473.99,2707
757561.88,3589473.99,2708
757561.88,3584473.99,2709
757561.88,3579473.99,2710
757561.88,3574473.99,2711
757561.88,3569473.99,2712
757561.88,3564473.99,2713
757561.88,3559473.99,2714
757561.88,3554473.99,2715
757561.88,3549473.99,2716
757561.88,3544473.99,2717
757561.88,3539473.99,2718
757561.88,3534473.99,2719
757561.88,3529473.99,2720
757561.88,3524473.99,2721
757561.88,3519473.99,2722
757561.88,3514473.99,2723
757561.88,3509473.99,2724
757561.88,3504473.99,2725
757561.88,3499473.99,2726
757561.88,3494473.99,2727
757561.88,3489473.99,2728
757561.88,3484473.99,2729
757561.88,3479473.99,2730
757561.88,3474473.99,2731
757561.88,3469473.99,2732
757561.88,3464473.99,2733
757561.88,3459473.99,2734
757561.88,3454473.99,2735
757561.88,3449473.99,2736
757561.88,3444473.99,2737
757561.88,3439473.99,2738
757561.88,3434473.99,2739
757561.88,3429473.99,2740
757561.88,3424473.99,2741
757561.88,3419473.99,2742
757561.88,3414473.99,2743
757561.88,3409473.99,2744
757561.88,3404473.99,2745
757561.88,3399473.99,2746
757561.88,3394473.99,2747
757561.88,3389473.99,2748
757561.88,3384473.99,2749
757561.88,3379473.99,2750
757561.88,3374473.99,2751
757561.88,3369473.99,2752
757561.88,3364473.99,2753
757561.88,3359473.99,2754
757561.88,3354473.99,2755
757561.88,3349473.99,2756
757561.88,3344473.99,2757
757561.88,3339473.99,2758
757561.88,3334473.99,2759
757561.88,3329473.99,2760
757561.88,3324473.99,2761
757561.88,3319473.99,2762
757561.88,3314473.99,2763
757561.88,3309473.99,2764
757561.88,3304473.99,2765
757561.88,3299473.99,2766
757561.88,3294473.99,2767
757561.88,3289473.99,2768
757561.88,3284473.99,2769
757561.88,3279473.99,2770
757561.88,3274473.99,2771
762561.88,3689473.99,2772
762561.88,3684473.99,2773
762561.88,3679473.99,2774
762561.88,3674473.99,2775
762561.88,3669473.99,2776
762561.88,3664473.99,2777
762561.88,3659473.99,2778
762561.88,3654473.99,2779
762561.88,3649473.99,2780
762561.88,3644473.99,2781
762561.88,3639473.99,2782
762561.88,3634473.99,2783
762561.88,3629473.99,2784
762561.88,3624473.99,2785
762561.88,3619473.99,2786
762561.88,3614473.99,2787
762561.88,3609473.99,2788
762561.88,3604473.99,2789
762561.88,3599473.99,2790
762561.88,3594473.99,2791
762561.88,3589473.99,2792
762561.88,3584473.99,2793
762561.88,3579473.99,2794
762561.88,3574473.99,2795
762561.88,3569473.99,2796
762561.88,3564473.99,2797
762561.88,3559473.99,2798
762561.88,3554473.99,2799
762561.88,3549473.99,2800
762561.88,3544473.99,2801
762561.88,3539473.99,2802
762561.88,3534473.99,2803
762561.88,3529473.99,2804
762561.88,3524473.99,2805
762561.88,3519473.99,2806
762561.88,3514473.99,2807
762561.88,3509473.99,2808
762561.88,3504473.99,2809
762561.88,3499473.99,2810
762561.88,3494473.99,2811
762561.88,3489473.99,2812
762561.88,3484473.99,2813
762561.88,3479473.99,2814
762561.88,3474473.99,2815
762561.88,3469473.99,2816
762561.88,3464473.99,2817
762561.88,3459473.99,2818
762561.88,3454473.99,2819
762561.88,3449473.99,2820
762561.88,3444473.99,2821
762561.88,3439473.99,2822
762561.88,3434473.99,2823
762561.88,3429473.99,2824
762561.88,3424473.99,2825
762561.88,3419473.99,2826
762561.88,3414473.99,2827
762561.88,3409473.99,2828
762561.88,3404473.99,2829
762561.88,3399473.99,2830
762561.88,3394473.99,2831
762561.88,3389473.99,2832
762561.88,3384473.99,2833
762561.88,3379473.99,2834
762561.88,3374473.99,2835
762561.88,3369473.99,2836
762561.88,3364473.99,2837
762561.88,3359473.99,2838
762561.88,3354473.99,2839
762561.88,3349473.99,2840
762561.88,3344473.99,2841
762561.88,3339473.99,2842
762561.88,3334473.99,2843
762561.88,3329473.99,2844
762561.88,3324473.99,2845
762561.88,3319473.99,2846
762561.88,3314473.99,2847
762561.88,3309473.99,2848
762561.88,3304473.99,2849
762561.88,3299473.99,2850
762561.88,3294473.99,2851
762561.88,3289473.99,2852
762561.88,3284473.99,2853
762561.88,3279473.99,2854
762561.88,3274473.99,2855
767561.88,3689473.99,2856
767561.88,3684473.99,2857
767561.88,3679473.99,2858
767561.88,3674473.99,2859
767561.88,3669473.99,2860
767561.88,3664473.99,2861
767561.88,3659473.99,2862
767561.88,3654473.99,2863
767561.88,3649473.99,2864
767561.88,3644473.99,2865
767561.88,3639473.99,2866
767561.88,3634473.99,2867
767561.88,3629473.99,2868
767561.88,3624473.99,2869
767561.88,3619473.99,2870
767561.88,3614473.99,2871
767561.88,3609473.99,2872
767561.88,3604473.99,2873
767561.88,3599473.99,2874
767561.88,3594473.99,2875
767561.88,3589473.99,2876
767561.88,3584473.99,2877
767561.88,3579473.99,2878
767561.88,3574473.99,2879
767561.88,3569473.99,2880
767561.88,3564473.99,2881
767561.88,3559473.99,2882
767561.88,3554473.99,2883
767561.88,3549473.99,2884
767561.88,3544473.99,2885
767561.88,3539473.99,2886
767561.88,3534473.99,2887
767561.88,3529473.99,2888
767561.88,3524473.99,2889
767561.88,3519473.99,2890
767561.88,3514473.99,2891
767561.88,3509473.99,2892
767561.88,3504473.99,2893
767561.88,3499473.99,2894
767561.88,3494473.99,2895
767561.88,3489473.99,2896
767561.88,3484473.99,2897
767561.88,3479473.99,2898
767561.88,3474473.99,2899
767561.88,3469473.99,2900
767561.88,3464473.99,2901
767561.88,3459473.99,2902
767561.88,3454473.99,2903
767561.88,3449473.99,2904
767561.88,3444473.99,2905
767561.88,3439473.99,2906
767561.88,3434473.99,2907
767561.88,3429473.99,2908
767561.88,3424473.99,2909
767561.88,3419473.99,2910
767561.88,3414473.99,2911
767561.88,3409473.99,2912
767561.88,3404473.99,2913
767561.88,3399473.99,2914
767561.88,3394473.99,2915
767561.88,3389473.99,2916
767561.88,3384473.99,2917
767561.88,3379473.99,2918
767561.88,3374473.99,2919
767561.88,3369473.99,2920
767561.88,3364473.99,2921
767561.88,3359473.99,2922
767561.88,3354473.99,2923
767561.88,3349473.99,2924
767561.88,3344473.99,2925
767561.88,3339473.99,2926
767561.88,3334473.99,2927
767561.88,3329473.99,2928
767561.88,3324473.99,2929
767561.88,3319473.99,2930
767561.88,3314473.99,2931
767561.88,3309473.99,2932
767561.88,3304473.99,2933
767561.88,3299473.99,2934
767561.88,3294473.99,2935
767561.88,3289473.99,2936
767561.88,3284473.99,2937
767561.88,3279473.99,2938
767561.88,3274473.99,2939
