29.323,34.181, 0, 0.0788328316851
29.413,34.180, 1, 0.0790977105382
29.504,34.179, 2, 0.0843769791007
29.594,34.178, 3, 0.0960378817163
29.684,34.177, 4, 0.155130513051
29.774,34.176, 5, 0.134757709251
29.864,34.175, 6, 0.0932795314955
29.955,34.174, 7, 0.0892415987917
30.045,34.173, 8, 0.0900684931507
30.135,34.172, 9, 0.0828445234103
30.225,34.171, 10, 0.0774839604647
30.315,34.170, 11, 0.0921524663677
30.406,34.170, 12, 0.0986522551374
30.496,34.169, 13, 0.0713094149909
30.586,34.168, 14, 0.0490327712377
30.676,34.167, 15, 0.0477070419736
30.766,34.166, 16, 0.0468744242953
30.857,34.165, 17, 0.0463050618015
30.947,34.164, 18, 0.0459252900346
31.037,34.163, 19, 0.0456785501574
31.127,34.162, 20, 0.045546779281
31.217,34.161, 21, 0.0455193292561
31.307,34.160, 22, 0.0455939608593
31.398,34.159, 23, 0.0457813480608
31.488,34.158, 24, 0.046098616055
31.578,34.157, 25, 0.0465721280913
31.668,34.156, 26, 0.0472642066164
31.758,34.155, 27, 0.0482739832652
31.848,34.154, 28, 0.0494664586583
31.939,34.153, 29, 0.0499963574551
32.029,34.152, 30, 0.0495879266639
32.119,34.150, 31, 0.0492295148797
32.209,34.149, 32, 0.0493808174828
32.299,34.148, 33, 0.0497912069258
32.389,34.147, 34, 0.0534263189812
32.480,34.146, 35, 0.0583535509484
32.570,34.145, 36, 0.0615981361053
32.660,34.144, 37, 0.0640858612567
32.750,34.143, 38, 0.0663281921389
32.840,34.142, 39, 0.0685601561174
32.930,34.141, 40, 0.0709008297116
33.021,34.140, 41, 0.0734989798892
33.111,34.139, 42, 0.076310540837
33.201,34.138, 43, 0.0794672818792
33.291,34.137, 44, 0.083199195171
33.381,34.135, 45, 0.0877069133398
29.324,34.232, 46, 0.0829534955343
29.414,34.231, 47, 0.0827008144198
29.504,34.230, 48, 0.0867086583394
29.594,34.230, 49, 0.0970833333333
29.684,34.229, 50, 0.158815903198
29.775,34.228, 51, 0.135557432432
29.865,34.227, 52, 0.0960154715128
29.955,34.226, 53, 0.0965808977765
30.045,34.225, 54, 0.108606349895
30.135,34.224, 55, 0.0923856858847
30.226,34.223, 56, 0.0820040256636
30.316,34.222, 57, 0.0939251236167
30.406,34.222, 58, 0.0982373827035
30.496,34.221, 59, 0.071002760576
30.586,34.220, 60, 0.0491961996682
30.677,34.219, 61, 0.0479451473311
30.767,34.218, 62, 0.04715756189
30.857,34.217, 63, 0.0466245027033
30.947,34.216, 64, 0.0462660824599
31.037,34.215, 65, 0.046035922166
31.127,34.214, 66, 0.0459175008828
31.218,34.213, 67, 0.0459052443728
31.308,34.212, 68, 0.0459963232614
31.398,34.211, 69, 0.0462040547739
31.488,34.210, 70, 0.0465593202715
31.578,34.209, 71, 0.0471019231835
31.669,34.208, 72, 0.047941835885
31.759,34.207, 73, 0.0491875263888
31.849,34.206, 74, 0.0586716270927
31.939,34.205, 75, 0.0654937371095
32.029,34.204, 76, 0.0564900521332
32.119,34.203, 77, 0.0497139392603
32.210,34.202, 78, 0.0496332839993
32.300,34.201, 79, 0.0499548095546
32.390,34.200, 80, 0.0556778679027
32.480,34.199, 81, 0.0601090293215
32.570,34.198, 82, 0.0632380391001
32.660,34.197, 83, 0.0657599705936
32.751,34.196, 84, 0.0681189012595
32.841,34.195, 85, 0.0704947562245
32.931,34.194, 86, 0.0729921201583
33.021,34.193, 87, 0.0756762253407
33.111,34.192, 88, 0.0785213217648
33.201,34.191, 89, 0.081612223393
33.291,34.190, 90, 0.0851432503441
33.382,34.189, 91, 0.0896005509642
29.324,34.284, 92, 0.0870093002194
29.414,34.283, 93, 0.0862804714946
29.504,34.282, 94, 0.0892473793233
29.595,34.281, 95, 0.0988302210775
29.685,34.280, 96, 0.17067381317
29.775,34.280, 97, 0.138223938224
29.865,34.279, 98, 0.099697404862
29.955,34.278, 99, 0.120957918051
30.046,34.277, 100, 0.142311343142
30.136,34.276, 101, 0.0995638789123
30.226,34.275, 102, 0.0853844079376
30.316,34.274, 103, 0.0957735426009
30.406,34.274, 104, 0.0975594949004
30.497,34.273, 105, 0.0716506358298
30.587,34.272, 106, 0.0493647394718
30.677,34.271, 107, 0.048202272221
30.767,34.270, 108, 0.047457229963
30.857,34.269, 109, 0.046949632067
30.948,34.268, 110, 0.0466069546891
31.038,34.267, 111, 0.0463932294637
31.128,34.267, 112, 0.0462993112085
31.218,34.266, 113, 0.0463017634927
31.308,34.265, 114, 0.046412492518
31.398,34.264, 115, 0.0466470253635
31.489,34.263, 116, 0.0470532197868
31.579,34.262, 117, 0.0476920132687
31.669,34.261, 118, 0.048703374778
31.759,34.260, 119, 0.0525098702764
31.849,34.259, 120, 0.0708258122744
31.939,34.258, 121, 0.075046187437
32.030,34.257, 122, 0.0668426462343
32.120,34.256, 123, 0.0529660305557
32.210,34.256, 124, 0.0498722210679
32.300,34.255, 125, 0.0521880508114
32.390,34.254, 126, 0.0579211746522
32.480,34.253, 127, 0.0620034367735
32.571,34.252, 128, 0.0650529075756
32.661,34.251, 129, 0.0676344929811
32.751,34.250, 130, 0.0701037613489
32.841,34.249, 131, 0.0726379058533
32.931,34.248, 132, 0.0752914951989
33.021,34.247, 133, 0.0781082596238
33.112,34.246, 134, 0.0810614775948
33.202,34.245, 135, 0.0841431966426
33.292,34.244, 136, 0.0875604699378
33.382,34.243, 137, 0.0915374677003
29.324,34.335, 138, 0.0908506123171
29.415,34.334, 139, 0.0897191252144
29.505,34.334, 140, 0.0918069391962
29.595,34.333, 141, 0.101837168826
29.685,34.332, 142, 0.179592541436
29.775,34.331, 143, 0.142717948718
29.866,34.330, 144, 0.122689405077
29.956,34.330, 145, 0.145712037766
30.046,34.329, 146, 0.157556561086
30.136,34.328, 147, 0.113095238095
30.226,34.327, 148, 0.0872711557287
30.317,34.326, 149, 0.0967948717949
30.407,34.326, 150, 0.0973665812165
30.497,34.325, 151, 0.0726291242011
30.587,34.324, 152, 0.049546779038
30.677,34.323, 153, 0.0484688744498
30.768,34.322, 154, 0.047756333361
30.858,34.321, 155, 0.047274498344
30.948,34.321, 156, 0.0469609025562
31.038,34.320, 157, 0.0467667560322
31.128,34.319, 158, 0.0466764579713
31.218,34.318, 159, 0.046693137603
31.309,34.317, 160, 0.0468245888525
31.399,34.316, 161, 0.0470972983953
31.489,34.316, 162, 0.0475697170727
31.579,34.315, 163, 0.0483295113777
31.669,34.314, 164, 0.0495447047179
31.760,34.313, 165, 0.065830206379
31.850,34.312, 166, 0.0778986483885
31.940,34.311, 167, 0.0796817172465
32.030,34.310, 168, 0.0728283173735
32.120,34.309, 169, 0.0585132890365
32.210,34.309, 170, 0.0514486754967
32.301,34.308, 171, 0.0551143546719
32.391,34.307, 172, 0.0601746472964
32.481,34.306, 173, 0.0639809743442
32.571,34.305, 174, 0.0669472702234
32.661,34.304, 175, 0.0696042129515
32.751,34.303, 176, 0.0722036664516
32.842,34.302, 177, 0.0749410295546
32.932,34.301, 178, 0.0777847623837
33.022,34.300, 179, 0.0807692307692
33.112,34.299, 180, 0.0837652439024
33.202,34.298, 181, 0.086818056576
33.292,34.298, 182, 0.0900909475465
33.382,34.297, 183, 0.0936067551267
29.325,34.387, 184, 0.0946926331508
29.415,34.386, 185, 0.0931714023831
29.505,34.385, 186, 0.0941788696599
29.595,34.384, 187, 0.109559956623
29.686,34.384, 188, 0.18416988417
29.776,34.383, 189, 0.147158583755
29.866,34.382, 190, 0.143326079071
29.956,34.381, 191, 0.161399832355
30.046,34.381, 192, 0.150430210325
30.137,34.380, 193, 0.10114268302
30.227,34.379, 194, 0.0877456670536
30.317,34.378, 195, 0.0975025278059
30.407,34.378, 196, 0.0976074435091
30.497,34.377, 197, 0.0741422088734
30.587,34.376, 198, 0.0497745497292
30.678,34.375, 199, 0.0487428683848
30.768,34.375, 200, 0.048080289818
30.858,34.374, 201, 0.0476235019
30.948,34.373, 202, 0.0473181220572
31.038,34.372, 203, 0.0471349084751
31.129,34.371, 204, 0.0470603796226
31.219,34.371, 205, 0.0471001793145
31.309,34.370, 206, 0.0472544140301
31.399,34.369, 207, 0.0475658905011
31.489,34.368, 208, 0.0481129202296
31.580,34.367, 209, 0.0490464787199
31.670,34.367, 210, 0.057107906258
31.760,34.366, 211, 0.0747181964573
31.850,34.365, 212, 0.0814206705842
31.940,34.364, 213, 0.0814166955317
32.030,34.363, 214, 0.074518919793
32.121,34.362, 215, 0.0607833965237
32.211,34.362, 216, 0.0543758765778
32.301,34.361, 217, 0.05774919789
32.391,34.360, 218, 0.0623775910921
32.481,34.359, 219, 0.0659843344415
32.571,34.358, 220, 0.0689478096835
32.662,34.357, 221, 0.0717114895584
32.752,34.356, 222, 0.0744585314316
32.842,34.356, 223, 0.0773948616727
32.932,34.355, 224, 0.0804392499358
33.022,34.354, 225, 0.0835506379078
33.112,34.353, 226, 0.0867105353192
33.203,34.352, 227, 0.0898380734897
33.293,34.351, 228, 0.0928515777172
33.383,34.350, 229, 0.095738689694
29.325,34.438, 230, 0.0985823510672
29.415,34.437, 231, 0.0966516601013
29.505,34.437, 232, 0.0967625899281
29.596,34.436, 233, 0.117436100654
29.686,34.435, 234, 0.186402180497
29.776,34.435, 235, 0.160872836719
29.866,34.434, 236, 0.163712241653
29.956,34.433, 237, 0.163434675431
30.047,34.432, 238, 0.135241248817
30.137,34.432, 239, 0.095027027027
30.227,34.431, 240, 0.0873176980686
30.317,34.430, 241, 0.0979162665642
30.407,34.430, 242, 0.0978057404326
30.498,34.429, 243, 0.0759582358126
30.588,34.428, 244, 0.0501283565231
30.678,34.427, 245, 0.0490393715257
30.768,34.427, 246, 0.0484039393466
30.858,34.426, 247, 0.0479635154134
30.949,34.425, 248, 0.0476702220923
31.039,34.425, 249, 0.0475114946149
31.129,34.424, 250, 0.0474491788216
31.219,34.423, 251, 0.0474968394437
31.309,34.422, 252, 0.0476784621036
31.400,34.422, 253, 0.0480614016809
31.490,34.421, 254, 0.0487227145018
31.580,34.420, 255, 0.0498327420172
31.670,34.419, 256, 0.0685031819371
31.760,34.418, 257, 0.0798295454545
31.850,34.418, 258, 0.0830692108668
31.941,34.417, 259, 0.0812478748725
32.031,34.416, 260, 0.0729606048548
32.121,34.415, 261, 0.0606918540538
32.211,34.415, 262, 0.0565983584572
32.301,34.414, 263, 0.0602387322494
32.391,34.413, 264, 0.0645856820744
32.482,34.412, 265, 0.0680945030443
32.572,34.411, 266, 0.0710836277974
32.662,34.411, 267, 0.0739765244775
32.752,34.410, 268, 0.0769001683284
32.842,34.409, 269, 0.0799690025783
32.932,34.408, 270, 0.083160182066
33.023,34.407, 271, 0.0865084784341
33.113,34.407, 272, 0.0899653626732
33.203,34.406, 273, 0.0933665788483
33.293,34.405, 274, 0.0963096309631
33.383,34.404, 275, 0.0982531601124
29.325,34.490, 276, 0.116675139807
29.415,34.489, 277, 0.103537448158
29.506,34.488, 278, 0.0994859813084
29.596,34.488, 279, 0.125325584355
29.686,34.487, 280, 0.19213391399
29.776,34.486, 281, 0.180128205128
29.867,34.486, 282, 0.169837157661
29.957,34.485, 283, 0.144299424184
30.047,34.484, 284, 0.105169078903
30.137,34.484, 285, 0.0905430044256
30.227,34.483, 286, 0.0868846892644
30.318,34.482, 287, 0.0984994640943
30.408,34.482, 288, 0.0981849120817
30.498,34.481, 289, 0.078948939172
30.588,34.480, 290, 0.0568837167586
30.678,34.480, 291, 0.0493855175931
30.769,34.479, 292, 0.048750364113
30.859,34.478, 293, 0.0483233596922
30.949,34.478, 294, 0.0480522139749
31.039,34.477, 295, 0.0478951369124
31.129,34.476, 296, 0.0478426837701
31.219,34.476, 297, 0.0479139481573
31.310,34.475, 298, 0.0481361499689
31.400,34.474, 299, 0.0485805934242
31.490,34.473, 300, 0.0493976265585
31.580,34.473, 301, 0.0608855128023
31.670,34.472, 302, 0.0765283883816
31.761,34.471, 303, 0.0828451882845
31.851,34.471, 304, 0.0835367762128
31.941,34.470, 305, 0.079374311674
32.031,34.469, 306, 0.0692222713213
32.121,34.468, 307, 0.0595535285646
32.211,34.468, 308, 0.0584287039901
32.302,34.467, 309, 0.0626437897394
32.392,34.466, 310, 0.0668087644122
32.482,34.465, 311, 0.0702235445481
32.572,34.465, 312, 0.0733059360731
32.662,34.464, 313, 0.0762949390908
32.752,34.463, 314, 0.0793718066098
32.843,34.462, 315, 0.082635950478
32.933,34.462, 316, 0.0860868468716
33.023,34.461, 317, 0.0896495847681
33.113,34.460, 318, 0.0934615384615
33.203,34.459, 319, 0.0973770775623
33.293,34.459, 320, 0.102114249242
33.384,34.458, 321, 0.105337234127
29.326,34.541, 322, 0.137096168295
29.416,34.540, 323, 0.125673249551
29.506,34.540, 324, 0.116047892142
29.596,34.539, 325, 0.132414170928
29.686,34.539, 326, 0.19990281827
29.777,34.538, 327, 0.18598183882
29.867,34.537, 328, 0.157415254237
29.957,34.537, 329, 0.122485962226
30.047,34.536, 330, 0.0953424129513
30.137,34.536, 331, 0.0876298792474
30.228,34.535, 332, 0.0873920136443
30.318,34.534, 333, 0.0994328309836
30.408,34.534, 334, 0.0995646459668
30.498,34.533, 335, 0.0830434179177
30.588,34.532, 336, 0.063954642639
30.679,34.532, 337, 0.0497440735936
30.769,34.531, 338, 0.0491147807255
30.859,34.531, 339, 0.0487001992032
30.949,34.530, 340, 0.0484324669112
31.039,34.529, 341, 0.04828505342
31.130,34.529, 342, 0.0482519422863
31.220,34.528, 343, 0.0483334243732
31.310,34.527, 344, 0.048593897452
31.400,34.527, 345, 0.0491592658378
31.490,34.526, 346, 0.0527436972615
31.580,34.525, 347, 0.07130556668
31.671,34.525, 348, 0.0815857114611
31.761,34.524, 349, 0.0844042232278
31.851,34.523, 350, 0.0830632595824
31.941,34.523, 351, 0.0760772974117
32.031,34.522, 352, 0.065235342692
32.122,34.521, 353, 0.0588533897897
32.212,34.521, 354, 0.0604540758597
32.302,34.520, 355, 0.0649716998357
32.392,34.519, 356, 0.069030282972
32.482,34.519, 357, 0.0724653946876
32.572,34.518, 358, 0.0755717325947
32.663,34.517, 359, 0.0787004046138
32.753,34.517, 360, 0.081987834485
32.843,34.516, 361, 0.0854095064413
32.933,34.515, 362, 0.0890206501738
33.023,34.514, 363, 0.0929503443277
33.113,34.514, 364, 0.0974737368684
33.204,34.513, 365, 0.11017389422
33.294,34.512, 366, 0.121719298246
33.384,34.512, 367, 0.118437719916
29.326,34.592, 368, 0.162320574163
29.416,34.592, 369, 0.144821059876
29.506,34.591, 370, 0.132712133228
29.596,34.591, 371, 0.13894870171
29.687,34.590, 372, 0.207520661157
29.777,34.590, 373, 0.181310386473
29.867,34.589, 374, 0.138514777404
29.957,34.589, 375, 0.0991343940759
30.047,34.588, 376, 0.0919848388082
30.138,34.587, 377, 0.0867829987035
30.228,34.587, 378, 0.0886093133656
30.318,34.586, 379, 0.103293906273
30.408,34.586, 380, 0.111365902293
30.498,34.585, 381, 0.0880662102598
30.589,34.585, 382, 0.0712132665596
30.679,34.584, 383, 0.0533761450562
30.769,34.583, 384, 0.0494966737793
30.859,34.583, 385, 0.0490874524715
30.949,34.582, 386, 0.0488286947462
31.040,34.582, 387, 0.0486975264292
31.130,34.581, 388, 0.0486666666667
31.220,34.580, 389, 0.0487675396383
31.310,34.580, 390, 0.0490973297214
31.400,34.579, 391, 0.049792781666
31.491,34.579, 392, 0.0653872239413
31.581,34.578, 393, 0.0789270386266
31.671,34.577, 394, 0.084307875895
31.761,34.577, 395, 0.0850043465662
31.851,34.576, 396, 0.0815817660587
31.941,34.576, 397, 0.0720585574174
32.032,34.575, 398, 0.0620864597544
32.122,34.574, 399, 0.059326155735
32.212,34.574, 400, 0.0627020248932
32.302,34.573, 401, 0.0673566743334
32.392,34.572, 402, 0.0713154455293
32.483,34.572, 403, 0.0747755524862
32.573,34.571, 404, 0.0779538637558
32.663,34.570, 405, 0.0811874811587
32.753,34.570, 406, 0.0846043165468
32.843,34.569, 407, 0.0881804514418
32.933,34.569, 408, 0.0921316557257
33.023,34.568, 409, 0.0965333551877
33.114,34.567, 410, 0.108689558514
33.204,34.567, 411, 0.12988147224
33.294,34.566, 412, 0.139299485861
33.384,34.565, 413, 0.12895250488
29.326,34.644, 414, 0.199021352313
29.416,34.643, 415, 0.179907209136
29.506,34.643, 416, 0.148517915309
29.597,34.642, 417, 0.144713965227
29.687,34.642, 418, 0.200917832168
29.777,34.641, 419, 0.163080324245
29.867,34.641, 420, 0.119816707452
29.957,34.640, 421, 0.0964417501318
30.048,34.640, 422, 0.091112974074
30.138,34.639, 423, 0.0880026191977
30.228,34.639, 424, 0.0906265111219
30.318,34.638, 425, 0.114116086654
30.409,34.638, 426, 0.133078393881
30.499,34.637, 427, 0.0936366317652
30.589,34.637, 428, 0.0780814794145
30.679,34.636, 429, 0.0618131976492
30.769,34.636, 430, 0.0499176684318
30.859,34.635, 431, 0.049496092232
30.950,34.635, 432, 0.0492510402219
31.040,34.634, 433, 0.0491216151564
31.130,34.633, 434, 0.0490987743331
31.220,34.633, 435, 0.0492305528204
31.310,34.632, 436, 0.0496238244514
31.401,34.632, 437, 0.0590361445783
31.491,34.631, 438, 0.0747972439532
31.581,34.631, 439, 0.0835836587564
31.671,34.630, 440, 0.0859751037344
31.761,34.630, 441, 0.0849332575973
31.852,34.629, 442, 0.0787607070675
31.942,34.628, 443, 0.0681811421773
32.032,34.628, 444, 0.0608280801064
32.122,34.627, 445, 0.060905396252
32.212,34.627, 446, 0.0651587232938
32.302,34.626, 447, 0.0697391749734
32.393,34.626, 448, 0.0736816061077
32.483,34.625, 449, 0.0770877503876
32.573,34.624, 450, 0.0803605046503
32.663,34.624, 451, 0.0837723076923
32.753,34.623, 452, 0.0873051224944
32.843,34.623, 453, 0.0911622725585
32.934,34.622, 454, 0.0955036855037
33.024,34.621, 455, 0.102906343094
33.114,34.621, 456, 0.12710951526
33.204,34.620, 457, 0.145056818182
33.294,34.620, 458, 0.151165644172
33.384,34.619, 459, 0.135274183611
29.326,34.695, 460, 0.23356092437
29.416,34.695, 461, 0.215625
29.507,34.694, 462, 0.181085043988
29.597,34.694, 463, 0.151803896416
29.687,34.694, 464, 0.193917891536
29.777,34.693, 465, 0.145177523064
29.867,34.693, 466, 0.106995954147
29.958,34.692, 467, 0.0960819927348
30.048,34.692, 468, 0.0926518254227
30.138,34.691, 469, 0.0910963624585
30.228,34.691, 470, 0.093190310527
30.319,34.690, 471, 0.124461376774
30.409,34.690, 472, 0.164124056999
30.499,34.689, 473, 0.0991040260647
30.589,34.689, 474, 0.0840413888157
30.679,34.688, 475, 0.0693586233868
30.770,34.688, 476, 0.057043489709
30.860,34.687, 477, 0.0499250664733
30.950,34.687, 478, 0.0496945115637
31.040,34.686, 479, 0.0495704919495
31.130,34.686, 480, 0.0495635097742
31.220,34.685, 481, 0.049707876891
31.311,34.685, 482, 0.0539690130069
31.401,34.684, 483, 0.0692416205846
31.491,34.684, 484, 0.0814336708004
31.581,34.683, 485, 0.0861748044241
31.671,34.683, 486, 0.086822111606
31.762,34.682, 487, 0.0840314876056
31.852,34.682, 488, 0.0755810954576
31.942,34.681, 489, 0.0658524688579
32.032,34.681, 490, 0.0616495999337
32.122,34.680, 491, 0.0634398456829
32.212,34.680, 492, 0.0678387785776
32.303,34.679, 493, 0.0721846684884
32.393,34.679, 494, 0.0759480393739
32.483,34.678, 495, 0.0793626816285
32.573,34.678, 496, 0.082786470201
32.663,34.677, 497, 0.0862932574605
32.754,34.677, 498, 0.0901142857143
32.844,34.676, 499, 0.0942697937458
32.934,34.675, 500, 0.0991150442478
33.024,34.675, 501, 0.121629042099
33.114,34.674, 502, 0.142193408968
33.204,34.674, 503, 0.161304347826
33.294,34.673, 504, 0.156931818182
33.385,34.673, 505, 0.135397196262
29.326,34.747, 506, 0.249557522124
29.417,34.746, 507, 0.240230460922
29.507,34.746, 508, 0.206859756098
29.597,34.746, 509, 0.172062750334
29.687,34.745, 510, 0.193709273183
29.777,34.745, 511, 0.141269368296
29.868,34.744, 512, 0.108174386921
29.958,34.744, 513, 0.0982468443198
30.048,34.744, 514, 0.0962285833682
30.138,34.743, 515, 0.0958498458829
30.229,34.743, 516, 0.0963363205061
30.319,34.742, 517, 0.128983833718
30.409,34.742, 518, 0.183724722766
30.499,34.741, 519, 0.123861171367
30.589,34.741, 520, 0.0893039376143
30.680,34.741, 521, 0.076035976016
30.770,34.740, 522, 0.0651077294509
30.860,34.740, 523, 0.0578433928649
30.950,34.739, 524, 0.0534084950184
31.040,34.739, 525, 0.0512663885578
31.130,34.738, 526, 0.0509968102073
31.221,34.738, 527, 0.0544582419121
31.311,34.737, 528, 0.0637742670754
31.401,34.737, 529, 0.077298987398
31.491,34.737, 530, 0.0857600854929
31.581,34.736, 531, 0.0879131721756
31.672,34.736, 532, 0.0870939309997
31.762,34.735, 533, 0.0824722729187
31.852,34.735, 534, 0.0730067751983
31.942,34.734, 535, 0.0654605020982
32.032,34.734, 536, 0.06393728223
32.123,34.733, 537, 0.0666293754029
32.213,34.733, 538, 0.0707240107786
32.303,34.732, 539, 0.0746442432083
32.393,34.732, 540, 0.0782429211001
32.483,34.731, 541, 0.0816804051784
32.573,34.731, 542, 0.0851929387801
32.664,34.730, 543, 0.0888925963728
32.754,34.730, 544, 0.0929628999319
32.844,34.729, 545, 0.0975453172205
32.934,34.729, 546, 0.114681262073
33.024,34.728, 547, 0.137167661422
33.114,34.728, 548, 0.157837837838
33.205,34.727, 549, 0.167193877551
33.295,34.727, 550, 0.149029622063
33.385,34.726, 551, 0.132288135593
29.327,34.798, 552, 0.254395604396
29.417,34.798, 553, 0.248785971223
29.507,34.798, 554, 0.222898799314
29.597,34.797, 555, 0.188247126437
29.687,34.797, 556, 0.20160472973
29.778,34.797, 557, 0.142713494608
29.868,34.796, 558, 0.121344191874
29.958,34.796, 559, 0.119618619767
30.048,34.795, 560, 0.107529358881
30.138,34.795, 561, 0.115174951995
30.229,34.795, 562, 0.100496987016
30.319,34.794, 563, 0.131464435146
30.409,34.794, 564, 0.181698938164
30.499,34.793, 565, 0.140982174065
30.589,34.793, 566, 0.0937163720215
30.680,34.793, 567, 0.0816428072626
30.770,34.792, 568, 0.0720972644377
30.860,34.792, 569, 0.0660387241267
30.950,34.792, 570, 0.062558157874
31.040,34.791, 571, 0.0606269050169
31.131,34.791, 572, 0.0606243064403
31.221,34.790, 573, 0.0635488837567
31.311,34.790, 574, 0.0721341956346
31.401,34.790, 575, 0.0832081385609
31.491,34.789, 576, 0.0883668639053
31.582,34.789, 577, 0.089115024011
31.672,34.788, 578, 0.087104622871
31.762,34.788, 579, 0.080755109869
31.852,34.787, 580, 0.0721361111983
31.942,34.787, 581, 0.0673284449364
32.033,34.787, 582, 0.0674570999196
32.123,34.786, 583, 0.0701740240543
32.213,34.786, 584, 0.0737104044072
32.303,34.785, 585, 0.0771656589392
32.393,34.785, 586, 0.0805685308008
32.483,34.785, 587, 0.0840149294743
32.574,34.784, 588, 0.0876320378425
32.664,34.784, 589, 0.0915564066852
32.754,34.783, 590, 0.0959405637255
32.844,34.783, 591, 0.106359633797
32.934,34.782, 592, 0.131179775281
33.024,34.782, 593, 0.150838926174
33.115,34.782, 594, 0.16895
33.205,34.781, 595, 0.15995872033
33.295,34.781, 596, 0.14184079602
33.385,34.780, 597, 0.127492877493
29.327,34.850, 598, 0.252852348993
29.417,34.850, 599, 0.249514134276
29.507,34.849, 600, 0.228191489362
29.597,34.849, 601, 0.202272727273
29.688,34.849, 602, 0.214947683109
29.778,34.848, 603, 0.147886357398
29.868,34.848, 604, 0.136093304843
29.958,34.848, 605, 0.146604841245
30.048,34.847, 606, 0.135220897616
30.139,34.847, 607, 0.147766547114
30.229,34.847, 608, 0.1296484375
30.319,34.846, 609, 0.13632262721
30.409,34.846, 610, 0.17039295393
30.499,34.846, 611, 0.156661316212
30.590,34.845, 612, 0.0970830691186
30.680,34.845, 613, 0.0863255546367
30.770,34.845, 614, 0.0782161645146
30.860,34.844, 615, 0.0730522015979
30.950,34.844, 616, 0.0702651948137
31.041,34.844, 617, 0.0688618492408
31.131,34.843, 618, 0.0686787459283
31.221,34.843, 619, 0.0714704584148
31.311,34.842, 620, 0.0789122523251
31.401,34.842, 621, 0.0874128312413
31.492,34.842, 622, 0.0903573694227
31.582,34.841, 623, 0.0899722044045
31.672,34.841, 624, 0.0866218236173
31.762,34.841, 625, 0.0793715667464
31.852,34.840, 626, 0.0729507709676
31.943,34.840, 627, 0.0706781040636
32.033,34.840, 628, 0.0716348371621
32.123,34.839, 629, 0.0740183609625
32.213,34.839, 630, 0.0769277845777
32.303,34.838, 631, 0.0798524262131
32.393,34.838, 632, 0.0829824244341
32.484,34.838, 633, 0.0863948170732
32.574,34.837, 634, 0.0900624349636
32.664,34.837, 635, 0.0942492260062
32.754,34.837, 636, 0.0992974401781
32.844,34.836, 637, 0.123407451923
32.934,34.836, 638, 0.145322997416
33.025,34.835, 639, 0.1675429727
33.115,34.835, 640, 0.166500994036
33.205,34.835, 641, 0.147251979506
33.295,34.834, 642, 0.134650688424
33.385,34.834, 643, 0.122851215175
29.327,34.901, 644, 0.244481132075
29.417,34.901, 645, 0.244887429644
29.507,34.901, 646, 0.227707006369
29.598,34.900, 647, 0.215480274443
29.688,34.900, 648, 0.224892241379
29.778,34.900, 649, 0.163236419281
29.868,34.900, 650, 0.148173652695
29.958,34.899, 651, 0.185073746313
30.049,34.899, 652, 0.154587851672
30.139,34.899, 653, 0.179413619168
30.229,34.899, 654, 0.153641748039
30.319,34.898, 655, 0.145739526931
30.409,34.898, 656, 0.153463136832
30.500,34.898, 657, 0.176188925081
30.590,34.897, 658, 0.104319210202
30.680,34.897, 659, 0.0906098855727
30.770,34.897, 660, 0.083541488273
30.860,34.896, 661, 0.0793094451209
30.951,34.896, 662, 0.0770550527903
31.041,34.896, 663, 0.0759043531576
31.131,34.896, 664, 0.075869957022
31.221,34.895, 665, 0.0781591808238
31.311,34.895, 666, 0.084692772715
31.402,34.895, 667, 0.0907195830828
31.492,34.894, 668, 0.0918996553045
31.582,34.894, 669, 0.0906911705953
31.672,34.894, 670, 0.0860433005633
31.762,34.893, 671, 0.0793330690714
31.852,34.893, 672, 0.0755259315343
31.943,34.893, 673, 0.0749513311946
32.033,34.893, 674, 0.076174336705
32.123,34.892, 675, 0.0780641035287
32.213,34.892, 676, 0.0803136621991
32.303,34.892, 677, 0.0827944721887
32.394,34.891, 678, 0.085601991993
32.484,34.891, 679, 0.0888458721356
32.574,34.891, 680, 0.0926011739265
32.664,34.890, 681, 0.0970429362881
32.754,34.890, 682, 0.113356638744
32.844,34.890, 683, 0.138618995633
32.935,34.889, 684, 0.161424017003
33.025,34.889, 685, 0.169901477833
33.115,34.889, 686, 0.153203781513
33.205,34.888, 687, 0.139409221902
33.295,34.888, 688, 0.127774755169
33.385,34.888, 689, 0.11873828857
29.327,34.953, 690, 0.220657894737
29.417,34.953, 691, 0.231168122271
29.507,34.952, 692, 0.221367521368
29.598,34.952, 693, 0.218858131488
29.688,34.952, 694, 0.2285041841
29.778,34.952, 695, 0.183034433286
29.868,34.951, 696, 0.16503164557
29.958,34.951, 697, 0.194700811359
30.049,34.951, 698, 0.183026030369
30.139,34.951, 699, 0.176816816817
30.229,34.950, 700, 0.184204545455
30.319,34.950, 701, 0.172959183673
30.410,34.950, 702, 0.151102829328
30.500,34.950, 703, 0.190071507151
30.590,34.949, 704, 0.126200065757
30.680,34.949, 705, 0.094447159438
30.770,34.949, 706, 0.0883111806099
30.861,34.949, 707, 0.0849140766321
30.951,34.949, 708, 0.0831808538849
31.041,34.948, 709, 0.0820968737851
31.131,34.948, 710, 0.0820020888203
31.221,34.948, 711, 0.0840793811818
31.311,34.948, 712, 0.0895642528016
31.402,34.947, 713, 0.0932491289199
31.492,34.947, 714, 0.0934126573547
31.582,34.947, 715, 0.0912292051756
31.672,34.946, 716, 0.0859066243473
31.762,34.946, 717, 0.0810394718994
31.853,34.946, 718, 0.0792632028267
31.943,34.946, 719, 0.0795846211483
32.033,34.945, 720, 0.0807275750494
32.123,34.945, 721, 0.0822210658227
32.213,34.945, 722, 0.0838954401734
32.303,34.945, 723, 0.0858785648574
32.394,34.944, 724, 0.0883303652431
32.484,34.944, 725, 0.0914328710356
32.574,34.944, 726, 0.0952821210061
32.664,34.944, 727, 0.100327487082
32.754,34.943, 728, 0.127336448598
32.845,34.943, 729, 0.14951381781
32.935,34.943, 730, 0.168813387424
33.025,34.943, 731, 0.160268317853
33.115,34.942, 732, 0.143275942299
33.205,34.942, 733, 0.131311053985
33.295,34.942, 734, 0.12189888301
33.386,34.941, 735, 0.115520628684
29.327,35.004, 736, 0.185995989305
29.417,35.004, 737, 0.199564405725
29.507,35.004, 738, 0.203022540984
29.598,35.004, 739, 0.2095703125
29.688,35.004, 740, 0.216114180479
29.778,35.003, 741, 0.196795774648
29.868,35.003, 742, 0.18449197861
29.959,35.003, 743, 0.193646864686
30.049,35.003, 744, 0.205791190865
30.139,35.003, 745, 0.170114576703
30.229,35.002, 746, 0.184462809917
30.319,35.002, 747, 0.195996231748
30.410,35.002, 748, 0.168568784701
30.500,35.002, 749, 0.193085629921
30.590,35.002, 750, 0.142035928144
30.680,35.001, 751, 0.0981184454041
30.770,35.001, 752, 0.0926407881194
30.861,35.001, 753, 0.0899011725005
30.951,35.001, 754, 0.0885263775127
31.041,35.001, 755, 0.0876825468334
31.131,35.000, 756, 0.0873913692141
31.221,35.000, 757, 0.0891974071686
31.312,35.000, 758, 0.0936156560796
31.402,35.000, 759, 0.0954745634017
31.492,35.000, 760, 0.094808021141
31.582,34.999, 761, 0.0915947911382
31.672,34.999, 762, 0.0867434088377
31.763,34.999, 763, 0.0839010154314
31.853,34.999, 764, 0.0834528076464
31.943,34.999, 765, 0.0842183296349
32.033,34.998, 766, 0.0852584556477
32.123,34.998, 767, 0.0863873973187
32.213,34.998, 768, 0.0876010984779
32.304,34.998, 769, 0.0891857347715
32.394,34.998, 770, 0.0913589894326
32.484,34.997, 771, 0.094278966015
32.574,34.997, 772, 0.098223961469
32.664,34.997, 773, 0.116687268232
32.754,34.997, 774, 0.139552631579
32.845,34.996, 775, 0.158938244854
32.935,34.996, 776, 0.161746361746
33.025,34.996, 777, 0.14615038271
33.115,34.996, 778, 0.134382625671
33.205,34.996, 779, 0.123904494382
33.295,34.995, 780, 0.117024636766
33.386,34.995, 781, 0.112993197279
29.327,35.056, 782, 0.147768154564
29.417,35.056, 783, 0.165126737531
29.508,35.055, 784, 0.177582249426
29.598,35.055, 785, 0.189275362319
29.688,35.055, 786, 0.19771468144
29.778,35.055, 787, 0.198902706657
29.868,35.055, 788, 0.196428571429
29.959,35.055, 789, 0.196788696211
30.049,35.055, 790, 0.215968801314
30.139,35.054, 791, 0.176655629139
30.229,35.054, 792, 0.174358974359
30.319,35.054, 793, 0.20246763754
30.410,35.054, 794, 0.190715300805
30.500,35.054, 795, 0.193953386104
30.590,35.054, 796, 0.161325385694
30.680,35.054, 797, 0.110922593235
30.770,35.053, 798, 0.0969737342977
30.861,35.053, 799, 0.0947403072421
30.951,35.053, 800, 0.0935721974473
31.041,35.053, 801, 0.0927600749766
31.131,35.053, 802, 0.0924223793421
31.221,35.053, 803, 0.0938955590916
31.312,35.053, 804, 0.0970628229535
31.402,35.052, 805, 0.0975629244906
31.492,35.052, 806, 0.0961398601399
31.582,35.052, 807, 0.0923304506145
31.672,35.052, 808, 0.0887552154625
31.763,35.052, 809, 0.0874688761054
31.853,35.052, 810, 0.087723199131
31.943,35.051, 811, 0.088591097884
32.033,35.051, 812, 0.0896038833743
32.123,35.051, 813, 0.0904456338528
32.213,35.051, 814, 0.0912845966182
32.304,35.051, 815, 0.0925230566535
32.394,35.051, 816, 0.0944928781925
32.484,35.051, 817, 0.0974911418448
32.574,35.050, 818, 0.108120874854
32.664,35.050, 819, 0.130819316332
32.755,35.050, 820, 0.147592067989
32.845,35.050, 821, 0.159049079755
32.935,35.050, 822, 0.148109756098
33.025,35.050, 823, 0.137841352406
33.115,35.049, 824, 0.12683299389
33.205,35.049, 825, 0.116920731707
33.296,35.049, 826, 0.1121342861
33.386,35.049, 827, 0.110772997552
29.327,35.107, 828, 0.12854020979
29.417,35.107, 829, 0.137355635205
29.508,35.107, 830, 0.144113207547
29.598,35.107, 831, 0.154276315789
29.688,35.107, 832, 0.171761658031
29.778,35.107, 833, 0.184551495017
29.868,35.107, 834, 0.193107569721
29.959,35.107, 835, 0.198008689356
30.049,35.106, 836, 0.20753968254
30.139,35.106, 837, 0.186964285714
30.229,35.106, 838, 0.173602033406
30.320,35.106, 839, 0.196627850558
30.410,35.106, 840, 0.204462875197
30.500,35.106, 841, 0.205817378498
30.590,35.106, 842, 0.189015728057
30.680,35.106, 843, 0.129377593361
30.771,35.106, 844, 0.10915531008
30.861,35.106, 845, 0.0999809087438
30.951,35.105, 846, 0.0988026315789
31.041,35.105, 847, 0.097853935552
31.131,35.105, 848, 0.0972526763833
31.222,35.105, 849, 0.0984087306426
31.312,35.105, 850, 0.101243112485
31.402,35.105, 851, 0.099812909261
31.492,35.105, 852, 0.0976474981329
31.582,35.105, 853, 0.0939398011287
31.672,35.105, 854, 0.0916851758974
31.763,35.105, 855, 0.0912427246469
31.853,35.104, 856, 0.0917458381782
31.943,35.104, 857, 0.0928494114464
32.033,35.104, 858, 0.093820007725
32.123,35.104, 859, 0.0944444444444
32.214,35.104, 860, 0.0949865292257
32.304,35.104, 861, 0.0959405278984
32.394,35.104, 862, 0.0978022557184
32.484,35.104, 863, 0.105353046138
32.574,35.104, 864, 0.126500811249
32.664,35.103, 865, 0.143024928092
32.755,35.103, 866, 0.15376059322
32.845,35.103, 867, 0.158011310085
32.935,35.103, 868, 0.145038569425
33.025,35.103, 869, 0.1357956778
33.115,35.103, 870, 0.123771712159
33.205,35.103, 871, 0.110399387521
33.296,35.103, 872, 0.107100175747
33.386,35.103, 873, 0.108348728151
29.327,35.159, 874, 0.104560479922
29.417,35.159, 875, 0.115251131709
29.508,35.159, 876, 0.123500491642
29.598,35.159, 877, 0.132102143183
29.688,35.159, 878, 0.140970116934
29.778,35.158, 879, 0.151876267748
29.869,35.158, 880, 0.171586715867
29.959,35.158, 881, 0.186477462437
30.049,35.158, 882, 0.195588235294
30.139,35.158, 883, 0.192456556082
30.229,35.158, 884, 0.185657998424
30.320,35.158, 885, 0.193282674772
30.410,35.158, 886, 0.203460207612
30.500,35.158, 887, 0.219797297297
30.590,35.158, 888, 0.203435430464
30.680,35.158, 889, 0.14380952381
30.771,35.158, 890, 0.131401303538
30.861,35.158, 891, 0.125312343828
30.951,35.158, 892, 0.121132603848
31.041,35.158, 893, 0.116567406605
31.131,35.158, 894, 0.112498601946
31.222,35.158, 895, 0.115939015939
31.312,35.158, 896, 0.118507987386
31.402,35.158, 897, 0.112966921692
31.492,35.158, 898, 0.0995147772386
31.582,35.157, 899, 0.0964480227327
31.672,35.157, 900, 0.0950548772968
31.763,35.157, 901, 0.0949944927181
31.853,35.157, 902, 0.0957895978299
31.943,35.157, 903, 0.0970700708582
32.033,35.157, 904, 0.0980996349581
32.123,35.157, 905, 0.0985147497173
32.214,35.157, 906, 0.098782891495
32.304,35.157, 907, 0.0995597841522
32.394,35.157, 908, 0.108784603826
32.484,35.157, 909, 0.124974593496
32.574,35.157, 910, 0.140560404226
32.664,35.157, 911, 0.149958898479
32.755,35.157, 912, 0.157919847328
32.845,35.157, 913, 0.158481764207
32.935,35.157, 914, 0.146149181322
33.025,35.157, 915, 0.139483714484
33.115,35.157, 916, 0.124815837937
33.205,35.156, 917, 0.105761316872
33.296,35.156, 918, 0.102910646655
33.386,35.156, 919, 0.106169377454
29.327,35.210, 920, 0.0961435321159
29.417,35.210, 921, 0.0979778733866
29.508,35.210, 922, 0.0997658782567
29.598,35.210, 923, 0.109358208054
29.688,35.210, 924, 0.119818489968
29.778,35.210, 925, 0.130577889447
29.869,35.210, 926, 0.141592505855
29.959,35.210, 927, 0.155070993915
30.049,35.210, 928, 0.174589416058
30.139,35.210, 929, 0.185389326334
30.229,35.210, 930, 0.190317195326
30.320,35.210, 931, 0.194851341552
30.410,35.210, 932, 0.200409836066
30.500,35.210, 933, 0.222007575758
30.590,35.210, 934, 0.208143607706
30.680,35.210, 935, 0.167624683009
30.771,35.210, 936, 0.150980392157
30.861,35.210, 937, 0.145987158909
30.951,35.210, 938, 0.142762364294
31.041,35.210, 939, 0.138861689106
31.131,35.210, 940, 0.134718775848
31.222,35.210, 941, 0.135092295345
31.312,35.210, 942, 0.133299595142
31.402,35.210, 943, 0.126280018124
31.492,35.210, 944, 0.112349051964
31.582,35.210, 945, 0.0999269616027
31.673,35.210, 946, 0.0989188043248
31.763,35.210, 947, 0.0989333057167
31.853,35.210, 948, 0.0998610835483
31.943,35.210, 949, 0.108693421503
32.033,35.210, 950, 0.115221742336
32.123,35.210, 951, 0.116718093986
32.214,35.210, 952, 0.116843356782
32.304,35.210, 953, 0.119876660342
32.394,35.210, 954, 0.128195488722
32.484,35.210, 955, 0.140232751455
32.574,35.210, 956, 0.149941972921
32.664,35.210, 957, 0.158916586769
32.755,35.210, 958, 0.161232187762
32.845,35.210, 959, 0.155396114797
32.935,35.210, 960, 0.147150189087
33.025,35.210, 961, 0.143018637336
33.115,35.210, 962, 0.128495065789
33.205,35.210, 963, 0.105476386762
33.296,35.210, 964, 0.101773282543
33.386,35.210, 965, 0.10569259962
29.327,35.262, 966, 0.0914765432863
29.417,35.262, 967, 0.0931426043356
29.508,35.262, 968, 0.0947540517486
29.598,35.262, 969, 0.0965648327343
29.688,35.262, 970, 0.0986615029216
29.778,35.262, 971, 0.106095573375
29.869,35.262, 972, 0.119425287356
29.959,35.262, 973, 0.131841563786
30.049,35.262, 974, 0.143442234848
30.139,35.262, 975, 0.157881269191
30.229,35.262, 976, 0.176225716929
30.320,35.262, 977, 0.189367816092
30.410,35.262, 978, 0.198068820225
30.500,35.262, 979, 0.211745283019
30.590,35.262, 980, 0.207396449704
30.680,35.262, 981, 0.192529585799
30.771,35.262, 982, 0.185106382979
30.861,35.262, 983, 0.179020700637
30.951,35.262, 984, 0.175912698413
31.041,35.263, 985, 0.170194647202
31.131,35.263, 986, 0.160211864407
31.222,35.263, 987, 0.154837328767
31.312,35.263, 988, 0.147856675393
31.402,35.263, 989, 0.140498725883
31.492,35.263, 990, 0.130212314225
31.582,35.263, 991, 0.122154461861
31.672,35.263, 992, 0.117121737819
31.763,35.263, 993, 0.117096329824
31.853,35.263, 994, 0.122516645672
31.943,35.263, 995, 0.131094324214
32.033,35.263, 996, 0.136793540946
32.123,35.263, 997, 0.137198962579
32.214,35.263, 998, 0.136275584795
32.304,35.263, 999, 0.137808807734
32.394,35.263, 1000, 0.14349112426
32.484,35.263, 1001, 0.15263671875
32.574,35.263, 1002, 0.162882882883
32.664,35.263, 1003, 0.164191960623
32.755,35.263, 1004, 0.162786400591
32.845,35.264, 1005, 0.153823214559
32.935,35.264, 1006, 0.148304878049
33.025,35.264, 1007, 0.145469387755
33.115,35.264, 1008, 0.132290909091
33.205,35.264, 1009, 0.110180170798
33.296,35.264, 1010, 0.105729166667
33.386,35.264, 1011, 0.109107050805
29.327,35.313, 1012, 0.0865959534954
29.417,35.313, 1013, 0.0882707426709
29.508,35.313, 1014, 0.0898747283213
29.598,35.313, 1015, 0.0915570536008
29.688,35.313, 1016, 0.0934475646518
29.778,35.314, 1017, 0.0955223880597
29.868,35.314, 1018, 0.0982164002368
29.959,35.314, 1019, 0.106525339516
30.049,35.314, 1020, 0.120532099479
30.139,35.314, 1021, 0.133264033264
30.229,35.314, 1022, 0.145224586288
30.320,35.314, 1023, 0.164361702128
30.410,35.314, 1024, 0.183778148457
30.500,35.314, 1025, 0.196695095949
30.590,35.314, 1026, 0.202928416486
30.680,35.315, 1027, 0.204366812227
30.771,35.315, 1028, 0.204148706897
30.861,35.315, 1029, 0.203866525424
30.951,35.315, 1030, 0.20627593361
31.041,35.315, 1031, 0.203459119497
31.131,35.315, 1032, 0.195519947678
31.222,35.315, 1033, 0.188510354041
31.312,35.315, 1034, 0.178790035587
31.402,35.315, 1035, 0.162937347437
31.492,35.315, 1036, 0.147263339071
31.582,35.315, 1037, 0.140748249171
31.672,35.316, 1038, 0.136824324324
31.763,35.316, 1039, 0.136548132184
31.853,35.316, 1040, 0.141121648136
31.943,35.316, 1041, 0.149013058002
32.033,35.316, 1042, 0.160838870432
32.123,35.316, 1043, 0.16010594947
32.214,35.316, 1044, 0.155889724311
32.304,35.316, 1045, 0.157160699417
32.394,35.316, 1046, 0.1654
32.484,35.316, 1047, 0.172720306513
32.574,35.317, 1048, 0.172599704579
32.664,35.317, 1049, 0.171933333333
32.755,35.317, 1050, 0.166428106701
32.845,35.317, 1051, 0.159204584925
32.935,35.317, 1052, 0.153620754013
33.025,35.317, 1053, 0.148960573477
33.115,35.317, 1054, 0.137986911811
33.205,35.317, 1055, 0.119920404897
33.296,35.317, 1056, 0.114895466177
33.386,35.318, 1057, 0.11730914946
29.327,35.365, 1058, 0.0811123986095
29.417,35.365, 1059, 0.0828587436557
29.508,35.365, 1060, 0.0845109036876
29.598,35.365, 1061, 0.0862135069292
29.688,35.365, 1062, 0.0880804481622
29.778,35.365, 1063, 0.0902246783838
29.868,35.365, 1064, 0.0926967255272
29.959,35.366, 1065, 0.0954089068826
30.049,35.366, 1066, 0.0985051860891
30.139,35.366, 1067, 0.108739770867
30.229,35.366, 1068, 0.123549295775
30.319,35.366, 1069, 0.137168792934
30.410,35.366, 1070, 0.149591573517
30.500,35.366, 1071, 0.173309920983
30.590,35.367, 1072, 0.189330218069
30.680,35.367, 1073, 0.199501069138
30.770,35.367, 1074, 0.2079002079
30.861,35.367, 1075, 0.215428571429
30.951,35.367, 1076, 0.224514991182
31.041,35.367, 1077, 0.227195945946
31.131,35.367, 1078, 0.223026315789
31.221,35.368, 1079, 0.217141544118
31.312,35.368, 1080, 0.207107355865
31.402,35.368, 1081, 0.194552529183
31.492,35.368, 1082, 0.183023588277
31.582,35.368, 1083, 0.170817120623
31.672,35.368, 1084, 0.16045751634
31.763,35.368, 1085, 0.158418568057
31.853,35.369, 1086, 0.170041039672
31.943,35.369, 1087, 0.185949908369
32.033,35.369, 1088, 0.192402522936
32.123,35.369, 1089, 0.19162378502
32.214,35.369, 1090, 0.188230088496
32.304,35.369, 1091, 0.187229567308
32.394,35.370, 1092, 0.189123957092
32.484,35.370, 1093, 0.187357013847
32.574,35.370, 1094, 0.182973130841
32.664,35.370, 1095, 0.180243902439
32.755,35.370, 1096, 0.175551267916
32.845,35.370, 1097, 0.172292626728
32.935,35.370, 1098, 0.16941923775
33.025,35.371, 1099, 0.164388961892
33.115,35.371, 1100, 0.145850409836
33.205,35.371, 1101, 0.132669390535
33.296,35.371, 1102, 0.12842626171
33.386,35.371, 1103, 0.129272419628
29.327,35.416, 1104, 0.0750353406842
29.417,35.416, 1105, 0.0769408106369
29.508,35.416, 1106, 0.0788123950542
29.598,35.417, 1107, 0.0804869150696
29.688,35.417, 1108, 0.0824267540923
29.778,35.417, 1109, 0.0846141286601
29.868,35.417, 1110, 0.0870536625179
29.959,35.417, 1111, 0.0898065617296
30.049,35.418, 1112, 0.092613836922
30.139,35.418, 1113, 0.0958231359112
30.229,35.418, 1114, 0.0993097238896
30.319,35.418, 1115, 0.113974869752
30.410,35.418, 1116, 0.129073978272
30.500,35.418, 1117, 0.142347166444
30.590,35.419, 1118, 0.160447761194
30.680,35.419, 1119, 0.182140015911
30.770,35.419, 1120, 0.196159267089
30.861,35.419, 1121, 0.212401574803
30.951,35.419, 1122, 0.228047404063
31.041,35.420, 1123, 0.235386221294
31.131,35.420, 1124, 0.236321721311
31.221,35.420, 1125, 0.234446764092
31.312,35.420, 1126, 0.22942139738
31.402,35.420, 1127, 0.222128975265
31.492,35.421, 1128, 0.213740458015
31.582,35.421, 1129, 0.20293814433
31.672,35.421, 1130, 0.195055970149
31.763,35.421, 1131, 0.194518176572
31.853,35.421, 1132, 0.207262323944
31.943,35.422, 1133, 0.222329721362
32.033,35.422, 1134, 0.223311306902
32.123,35.422, 1135, 0.222313432836
32.213,35.422, 1136, 0.2155078125
32.304,35.422, 1137, 0.212419093851
32.394,35.423, 1138, 0.211120263591
32.484,35.423, 1139, 0.201455026455
32.574,35.423, 1140, 0.196452933151
32.664,35.423, 1141, 0.192368769299
32.754,35.424, 1142, 0.19133510168
32.845,35.424, 1143, 0.191134435016
32.935,35.424, 1144, 0.189815668203
33.025,35.424, 1145, 0.185333665339
33.115,35.424, 1146, 0.1673731535
33.205,35.425, 1147, 0.146391615813
33.295,35.425, 1148, 0.142750875146
33.386,35.425, 1149, 0.143183817062
29.327,35.468, 1150, 0.0678737954616
29.417,35.468, 1151, 0.0700118005704
29.507,35.468, 1152, 0.0720338454826
29.598,35.468, 1153, 0.0741045813493
29.688,35.468, 1154, 0.0762856184111
29.778,35.469, 1155, 0.0784149535677
29.868,35.469, 1156, 0.0810118621914
29.958,35.469, 1157, 0.0838736113641
30.049,35.469, 1158, 0.0869296855451
30.139,35.470, 1159, 0.0900552486188
30.229,35.470, 1160, 0.0934894936273
30.319,35.470, 1161, 0.0970870777812
30.410,35.470, 1162, 0.104066133477
30.500,35.471, 1163, 0.120904578047
30.590,35.471, 1164, 0.137511130899
30.680,35.471, 1165, 0.153125
30.770,35.471, 1166, 0.174461292897
30.861,35.472, 1167, 0.193848797251
30.951,35.472, 1168, 0.215583173996
31.041,35.472, 1169, 0.22908388521
31.131,35.472, 1170, 0.235780287474
31.221,35.473, 1171, 0.237925851703
31.311,35.473, 1172, 0.237550403226
31.402,35.473, 1173, 0.235269709544
31.492,35.473, 1174, 0.231989247312
31.582,35.474, 1175, 0.22735426009
31.672,35.474, 1176, 0.223850085179
31.762,35.474, 1177, 0.231496881497
31.853,35.474, 1178, 0.255229885057
31.943,35.475, 1179, 0.264367219917
32.033,35.475, 1180, 0.26054526749
32.123,35.475, 1181, 0.259759916493
32.213,35.475, 1182, 0.249011532125
32.304,35.476, 1183, 0.247457627119
32.394,35.476, 1184, 0.243008849558
32.484,35.476, 1185, 0.229657794677
32.574,35.476, 1186, 0.222633744856
32.664,35.477, 1187, 0.219395380435
32.754,35.477, 1188, 0.221862615588
32.845,35.477, 1189, 0.223447606727
32.935,35.477, 1190, 0.221404793609
33.025,35.478, 1191, 0.212643678161
33.115,35.478, 1192, 0.196532333646
33.205,35.478, 1193, 0.180498798077
33.295,35.478, 1194, 0.170074475288
33.386,35.479, 1195, 0.172414965986
29.327,35.519, 1196, 0.0597998244808
29.417,35.519, 1197, 0.0621655468533
29.507,35.520, 1198, 0.0643377332726
29.598,35.520, 1199, 0.0666966534725
29.688,35.520, 1200, 0.0691333038539
29.778,35.520, 1201, 0.0717759187714
29.868,35.521, 1202, 0.0744528707491
29.958,35.521, 1203, 0.0775455195555
30.049,35.521, 1204, 0.0808750219194
30.139,35.522, 1205, 0.0841969617839
30.229,35.522, 1206, 0.0877653631285
30.319,35.522, 1207, 0.091380866426
30.409,35.522, 1208, 0.0950956937799
30.500,35.523, 1209, 0.0989594972067
30.590,35.523, 1210, 0.118829363998
30.680,35.523, 1211, 0.136834319527
30.770,35.524, 1212, 0.147070596798
30.860,35.524, 1213, 0.168514056225
30.951,35.524, 1214, 0.189904826649
31.041,35.524, 1215, 0.208465346535
31.131,35.525, 1216, 0.222891036907
31.221,35.525, 1217, 0.230735930736
31.311,35.525, 1218, 0.23387605042
31.402,35.526, 1219, 0.233700209644
31.492,35.526, 1220, 0.234224318658
31.582,35.526, 1221, 0.234205020921
31.672,35.526, 1222, 0.236004056795
31.762,35.527, 1223, 0.251497695853
31.852,35.527, 1224, 0.281370192308
31.943,35.527, 1225, 0.287834821429
32.033,35.528, 1226, 0.286696230599
32.123,35.528, 1227, 0.286073825503
32.213,35.528, 1228, 0.280174418605
32.303,35.529, 1229, 0.278630952381
32.394,35.529, 1230, 0.274328214971
32.484,35.529, 1231, 0.264146090535
32.574,35.530, 1232, 0.260570824524
32.664,35.530, 1233, 0.261503067485
32.754,35.530, 1234, 0.272033898305
32.844,35.531, 1235, 0.27588028169
32.935,35.531, 1236, 0.274029574861
33.025,35.531, 1237, 0.260528942116
33.115,35.532, 1238, 0.246410034602
33.205,35.532, 1239, 0.223777602524
33.295,35.532, 1240, 0.203545454545
33.385,35.533, 1241, 0.207044198895
29.327,35.571, 1242, 0.0502525507627
29.417,35.571, 1243, 0.0529360800924
29.507,35.571, 1244, 0.0555894076144
29.597,35.571, 1245, 0.0582291984151
29.688,35.572, 1246, 0.0608798876915
29.778,35.572, 1247, 0.063922776035
29.868,35.572, 1248, 0.0672060041035
29.958,35.573, 1249, 0.0705276641049
30.048,35.573, 1250, 0.0742218723507
30.139,35.573, 1251, 0.0780329254
30.229,35.574, 1252, 0.0817912738435
30.319,35.574, 1253, 0.0857418524871
30.409,35.574, 1254, 0.0896401278051
30.499,35.575, 1255, 0.0937868878609
30.590,35.575, 1256, 0.0994899311076
30.680,35.575, 1257, 0.121903787103
30.770,35.576, 1258, 0.133474396953
30.860,35.576, 1259, 0.143960826986
30.950,35.576, 1260, 0.160123966942
31.041,35.577, 1261, 0.180975954738
31.131,35.577, 1262, 0.196759847522
31.221,35.577, 1263, 0.20947265625
31.311,35.578, 1264, 0.216171003717
31.401,35.578, 1265, 0.218444846293
31.492,35.579, 1266, 0.221775618375
31.582,35.579, 1267, 0.22478668942
31.672,35.579, 1268, 0.231501057082
31.762,35.580, 1269, 0.255103211009
31.852,35.580, 1270, 0.281682577566
31.943,35.580, 1271, 0.289103982301
32.033,35.581, 1272, 0.290226781857
32.123,35.581, 1273, 0.290205627706
32.213,35.581, 1274, 0.288189845475
32.303,35.582, 1275, 0.288087248322
32.393,35.582, 1276, 0.285901826484
32.484,35.582, 1277, 0.281443914081
32.574,35.583, 1278, 0.280036407767
32.664,35.583, 1279, 0.287897727273
32.754,35.584, 1280, 0.308725247525
32.844,35.584, 1281, 0.314427570093
32.934,35.584, 1282, 0.312619047619
33.025,35.585, 1283, 0.299843096234
33.115,35.585, 1284, 0.29404494382
33.205,35.585, 1285, 0.271165966387
33.295,35.586, 1286, 0.242289719626
33.385,35.586, 1287, 0.241998106061
29.327,35.622, 1288, 0.0494803661057
29.417,35.622, 1289, 0.0496139839767
29.507,35.623, 1290, 0.0497421863748
29.597,35.623, 1291, 0.0498949062678
29.687,35.623, 1292, 0.0512984418698
29.778,35.624, 1293, 0.0545454545455
29.868,35.624, 1294, 0.0583435529082
29.958,35.625, 1295, 0.0623279932206
30.048,35.625, 1296, 0.0666306061828
30.138,35.625, 1297, 0.0710780926054
30.229,35.626, 1298, 0.0754621504622
30.319,35.626, 1299, 0.0799306142305
30.409,35.626, 1300, 0.0844246403314
30.499,35.627, 1301, 0.0892517181815
30.590,35.627, 1302, 0.0957680945347
30.680,35.628, 1303, 0.107033369078
30.770,35.628, 1304, 0.120185698164
30.860,35.628, 1305, 0.130647948164
30.950,35.629, 1306, 0.140011139993
31.040,35.629, 1307, 0.149079855406
31.131,35.630, 1308, 0.167745709828
31.221,35.630, 1309, 0.180374823197
31.311,35.630, 1310, 0.187759892689
31.401,35.631, 1311, 0.191293213828
31.491,35.631, 1312, 0.196894409938
31.582,35.632, 1313, 0.199822064057
31.672,35.632, 1314, 0.209722222222
31.762,35.632, 1315, 0.23501048218
31.852,35.633, 1316, 0.254185779817
31.942,35.633, 1317, 0.265786749482
32.033,35.634, 1318, 0.271294466403
32.123,35.634, 1319, 0.27181372549
32.213,35.634, 1320, 0.270874751491
32.303,35.635, 1321, 0.269969818913
32.393,35.635, 1322, 0.268954918033
32.483,35.636, 1323, 0.267033542977
32.574,35.636, 1324, 0.267171189979
32.664,35.637, 1325, 0.278208232446
32.754,35.637, 1326, 0.306738035264
32.844,35.637, 1327, 0.315384615385
32.934,35.638, 1328, 0.312410071942
33.024,35.638, 1329, 0.298044397463
33.115,35.639, 1330, 0.298194748359
33.205,35.639, 1331, 0.274657534247
33.295,35.640, 1332, 0.257510729614
33.385,35.640, 1333, 0.258333333333
29.326,35.673, 1334, 0.0489694041868
29.417,35.674, 1335, 0.0490845518118
29.507,35.674, 1336, 0.0492151845857
29.597,35.675, 1337, 0.0493448027197
29.687,35.675, 1338, 0.0495081967213
29.777,35.676, 1339, 0.0496824529146
29.868,35.676, 1340, 0.0499069045772
29.958,35.676, 1341, 0.0530168848231
30.048,35.677, 1342, 0.0578346946023
30.138,35.677, 1343, 0.062943241195
30.229,35.678, 1344, 0.0680475363962
30.319,35.678, 1345, 0.0732583297274
30.409,35.678, 1346, 0.0785695451549
30.499,35.679, 1347, 0.0844768143424
30.589,35.679, 1348, 0.0921363482956
30.680,35.680, 1349, 0.0984227775502
30.770,35.680, 1350, 0.106033611322
30.860,35.681, 1351, 0.11673718601
30.950,35.681, 1352, 0.126369863014
31.040,35.682, 1353, 0.135075217736
31.131,35.682, 1354, 0.142758498584
31.221,35.682, 1355, 0.148312028843
31.311,35.683, 1356, 0.154745762712
31.401,35.683, 1357, 0.160907643312
31.491,35.684, 1358, 0.16787347561
31.581,35.684, 1359, 0.173244985673
31.672,35.685, 1360, 0.180628272251
31.762,35.685, 1361, 0.194570135747
31.852,35.686, 1362, 0.20691580756
31.942,35.686, 1363, 0.218972179289
32.032,35.687, 1364, 0.224668141593
32.123,35.687, 1365, 0.22615694165
32.213,35.687, 1366, 0.2254048583
32.303,35.688, 1367, 0.224331352155
32.393,35.688, 1368, 0.223798798799
32.483,35.689, 1369, 0.22243883792
32.573,35.689, 1370, 0.223425787106
32.664,35.690, 1371, 0.235055865922
32.754,35.690, 1372, 0.262474120083
32.844,35.691, 1373, 0.276978417266
32.934,35.691, 1374, 0.277905569007
33.024,35.692, 1375, 0.252584388186
33.114,35.692, 1376, 0.255604395604
33.205,35.693, 1377, 0.247155172414
33.295,35.693, 1378, 0.258315450644
33.385,35.694, 1379, 0.26572265625
29.326,35.725, 1380, 0.0484608619173
29.416,35.725, 1381, 0.0485780266728
29.507,35.726, 1382, 0.0486941678521
29.597,35.726, 1383, 0.0488280725319
29.687,35.727, 1384, 0.0489683631362
29.777,35.727, 1385, 0.0491437802908
29.868,35.728, 1386, 0.0493455978975
29.958,35.728, 1387, 0.0495933965148
30.048,35.729, 1388, 0.0498731313926
30.138,35.729, 1389, 0.0536584191778
30.228,35.730, 1390, 0.0595160529813
30.319,35.730, 1391, 0.065735113166
30.409,35.731, 1392, 0.0720543997973
30.499,35.731, 1393, 0.0794922815645
30.589,35.731, 1394, 0.0887602905569
30.679,35.732, 1395, 0.0958538840937
30.770,35.732, 1396, 0.0985942199555
30.860,35.733, 1397, 0.102542932629
30.950,35.733, 1398, 0.112265388784
31.040,35.734, 1399, 0.121009028673
31.130,35.734, 1400, 0.128446005268
31.220,35.735, 1401, 0.13376154155
31.311,35.735, 1402, 0.137551478847
31.401,35.736, 1403, 0.139957264957
31.491,35.736, 1404, 0.142815896739
31.581,35.737, 1405, 0.145362967701
31.671,35.737, 1406, 0.149132352941
31.762,35.738, 1407, 0.160848348348
31.852,35.738, 1408, 0.171470588235
31.942,35.739, 1409, 0.179893238434
32.032,35.739, 1410, 0.18527607362
32.122,35.740, 1411, 0.184939091916
32.212,35.740, 1412, 0.184811529933
32.303,35.741, 1413, 0.184127874369
32.393,35.742, 1414, 0.183323863636
32.483,35.742, 1415, 0.183248009101
32.573,35.743, 1416, 0.184432132964
32.663,35.743, 1417, 0.191847005536
32.754,35.744, 1418, 0.205032733224
32.844,35.744, 1419, 0.218565088757
32.934,35.745, 1420, 0.217481203008
33.024,35.745, 1421, 0.201901294498
33.114,35.746, 1422, 0.201170568562
33.204,35.746, 1423, 0.212480559876
33.295,35.747, 1424, 0.248381294964
33.385,35.747, 1425, 0.269100580271
29.326,35.776, 1426, 0.0479675627355
29.416,35.777, 1427, 0.0480724938645
29.506,35.777, 1428, 0.0481946508172
29.597,35.778, 1429, 0.0483146478187
29.687,35.778, 1430, 0.0484631000717
29.777,35.779, 1431, 0.0486215363031
29.867,35.779, 1432, 0.0488202151272
29.958,35.780, 1433, 0.0490482758621
30.048,35.780, 1434, 0.049323068755
30.138,35.781, 1435, 0.0496326406179
30.228,35.781, 1436, 0.0500769862451
30.318,35.782, 1437, 0.0571924714318
30.409,35.783, 1438, 0.0649771758403
30.499,35.783, 1439, 0.0742824952562
30.589,35.784, 1440, 0.0855040715171
30.679,35.784, 1441, 0.0936242192922
30.769,35.785, 1442, 0.0964091643413
30.860,35.785, 1443, 0.0981093811331
30.950,35.786, 1444, 0.0996360816132
31.040,35.786, 1445, 0.106549947228
31.130,35.787, 1446, 0.113759937733
31.220,35.787, 1447, 0.119382791122
31.310,35.788, 1448, 0.123094797743
31.401,35.788, 1449, 0.126161751564
31.491,35.789, 1450, 0.128832271762
31.581,35.790, 1451, 0.131738437002
31.671,35.790, 1452, 0.135716898317
31.761,35.791, 1453, 0.1400595435
31.852,35.791, 1454, 0.144130757801
31.942,35.792, 1455, 0.147248968363
32.032,35.792, 1456, 0.149346746799
32.122,35.793, 1457, 0.149421445102
32.212,35.794, 1458, 0.149345482546
32.302,35.794, 1459, 0.149253923334
32.393,35.795, 1460, 0.148819408407
32.483,35.795, 1461, 0.148930136633
32.573,35.796, 1462, 0.149774322969
32.663,35.796, 1463, 0.158607029674
32.753,35.797, 1464, 0.169783715013
32.843,35.798, 1465, 0.177288732394
32.934,35.798, 1466, 0.178343023256
33.024,35.799, 1467, 0.170884520885
33.114,35.799, 1468, 0.172117718447
33.204,35.800, 1469, 0.184850107066
33.294,35.801, 1470, 0.223125
33.384,35.801, 1471, 0.266273100616
29.326,35.828, 1472, 0.0474525382621
29.416,35.828, 1473, 0.0475659663174
29.506,35.829, 1474, 0.0476772939557
29.596,35.830, 1475, 0.0477936429928
29.687,35.830, 1476, 0.0479446177847
29.777,35.831, 1477, 0.0480963886063
29.867,35.831, 1478, 0.0482941903585
29.957,35.832, 1479, 0.0485123966942
30.047,35.832, 1480, 0.0487794210738
30.138,35.833, 1481, 0.0490854160945
30.228,35.833, 1482, 0.0494459431417
30.318,35.834, 1483, 0.0498707585072
30.408,35.835, 1484, 0.0571667782987
30.498,35.835, 1485, 0.068822476859
30.589,35.836, 1486, 0.0824894409317
30.679,35.836, 1487, 0.0916150271108
30.769,35.837, 1488, 0.0945970246853
30.859,35.837, 1489, 0.0961667885881
30.949,35.838, 1490, 0.0974537657464
31.040,35.839, 1491, 0.0986939836593
31.130,35.839, 1492, 0.0998325441737
31.220,35.840, 1493, 0.104346436561
31.310,35.840, 1494, 0.108530890805
31.400,35.841, 1495, 0.111745347254
31.491,35.842, 1496, 0.114706674568
31.581,35.842, 1497, 0.118203393254
31.671,35.843, 1498, 0.12212554963
31.761,35.843, 1499, 0.126970338983
31.851,35.844, 1500, 0.130952380952
31.941,35.845, 1501, 0.134084354722
32.032,35.845, 1502, 0.136054888508
32.122,35.846, 1503, 0.136375929682
32.212,35.847, 1504, 0.136435543588
32.302,35.847, 1505, 0.136427850656
32.392,35.848, 1506, 0.136191762323
32.483,35.848, 1507, 0.136447192513
32.573,35.849, 1508, 0.137568881686
32.663,35.850, 1509, 0.140298507463
32.753,35.850, 1510, 0.143985385048
32.843,35.851, 1511, 0.14635026738
32.933,35.852, 1512, 0.146786937056
33.024,35.852, 1513, 0.145730749083
33.114,35.853, 1514, 0.146634615385
33.204,35.854, 1515, 0.159814342404
33.294,35.854, 1516, 0.194641937146
33.384,35.855, 1517, 0.247287522604
29.326,35.879, 1518, 0.0469359502721
29.416,35.880, 1519, 0.047042177725
29.506,35.881, 1520, 0.0471552104474
29.596,35.881, 1521, 0.0472864974033
29.686,35.882, 1522, 0.047424087101
29.777,35.882, 1523, 0.0475946713738
29.867,35.883, 1524, 0.047778336923
29.957,35.884, 1525, 0.0479984423676
30.047,35.884, 1526, 0.0482652043868
30.137,35.885, 1527, 0.0485654885655
30.228,35.885, 1528, 0.0489316263208
30.318,35.886, 1529, 0.0493622329643
30.408,35.887, 1530, 0.049931747085
30.498,35.887, 1531, 0.0634162174922
30.588,35.888, 1532, 0.0796172624726
30.679,35.888, 1533, 0.0898713826367
30.769,35.889, 1534, 0.0929439506621
30.859,35.890, 1535, 0.0943808277442
30.949,35.890, 1536, 0.0955754206731
31.039,35.891, 1537, 0.0966513185433
31.130,35.892, 1538, 0.0976028739386
31.220,35.892, 1539, 0.0984174876847
31.310,35.893, 1540, 0.0990391375674
31.400,35.894, 1541, 0.0995298858294
31.490,35.894, 1542, 0.10056879015
31.580,35.895, 1543, 0.103994927077
31.671,35.896, 1544, 0.108228260226
31.761,35.896, 1545, 0.113046794138
31.851,35.897, 1546, 0.117167490168
31.941,35.898, 1547, 0.120402366864
32.031,35.898, 1548, 0.122572036007
32.122,35.899, 1549, 0.123108120153
32.212,35.900, 1550, 0.123293919667
32.302,35.900, 1551, 0.123360565246
32.392,35.901, 1552, 0.123286642216
32.482,35.902, 1553, 0.123617738476
32.572,35.902, 1554, 0.125246981339
32.663,35.903, 1555, 0.12797369994
32.753,35.904, 1556, 0.13138238573
32.843,35.904, 1557, 0.134111657303
32.933,35.905, 1558, 0.134931271478
33.023,35.906, 1559, 0.134877800407
33.113,35.907, 1560, 0.137044728435
33.204,35.907, 1561, 0.144450474898
33.294,35.908, 1562, 0.171955128205
33.384,35.909, 1563, 0.216734197731
29.325,35.931, 1564, 0.0463941258186
29.416,35.931, 1565, 0.046516105447
29.506,35.932, 1566, 0.0466324671589
29.596,35.933, 1567, 0.0467586077052
29.686,35.933, 1568, 0.0469130501457
29.776,35.934, 1569, 0.0470707797464
29.867,35.935, 1570, 0.0472631946872
29.957,35.935, 1571, 0.04749799823
30.047,35.936, 1572, 0.0477592311583
30.137,35.937, 1573, 0.0480611589361
30.227,35.937, 1574, 0.0484290632361
30.318,35.938, 1575, 0.0488726093278
30.408,35.939, 1576, 0.0494729894395
30.498,35.939, 1577, 0.0577730623185
30.588,35.940, 1578, 0.077070612181
30.678,35.941, 1579, 0.0881161137441
30.769,35.941, 1580, 0.091356542617
30.859,35.942, 1581, 0.0927963030083
30.949,35.943, 1582, 0.093881148229
31.039,35.943, 1583, 0.0948796122577
31.129,35.944, 1584, 0.095715755438
31.219,35.945, 1585, 0.0964360295141
31.310,35.945, 1586, 0.0970490935556
31.400,35.946, 1587, 0.0975126582278
31.490,35.947, 1588, 0.0979791868345
31.580,35.948, 1589, 0.0984708597807
31.670,35.948, 1590, 0.099115913556
31.761,35.949, 1591, 0.0998198661863
31.851,35.950, 1592, 0.103029916438
31.941,35.950, 1593, 0.106534963561
32.031,35.951, 1594, 0.108473095737
32.121,35.952, 1595, 0.109365333944
32.211,35.953, 1596, 0.109698521047
32.302,35.953, 1597, 0.109803366011
32.392,35.954, 1598, 0.109907417862
32.482,35.955, 1599, 0.11054099275
32.572,35.956, 1600, 0.112175983549
32.662,35.956, 1601, 0.115286526348
32.752,35.957, 1602, 0.118753912081
32.843,35.958, 1603, 0.121482671563
32.933,35.959, 1604, 0.122829006267
33.023,35.959, 1605, 0.124370763718
33.113,35.960, 1606, 0.12776114637
33.203,35.961, 1607, 0.13565202816
33.293,35.962, 1608, 0.148146708139
33.384,35.962, 1609, 0.188901220866
